product_id,title,category,subcategory,brand,original_price,discounted_price,discount_percentage,rating,review_count,availability,seller_name,image_url,product_url,description,colors_available,sizes_available,material,cod_available,return_policy,delivery_time,scraped_at,source_page,_source_file
MEESHO_392458573,Taj Printed Rayon Kurti for Women,Women Clothing,Kurtas,Unbranded,239,229,4,4.0,29648,In Stock,wardrobe_trend,https://images.meesho.com/images/products/392458573/97zwk_512.webp,https://www.meesho.com/taj-kurti-for-women/p/6hnqz1,"Floral printed, flared ankle-length rayon kurti with round neck and three-quarter sleeves. Colour: Pink.",1,"XS,S,M,L,XL,XXL,XXXL,4XL,5XL",Rayon,True,7 days,Varies by pincode,2026-10-09T19:00:00,category/women-clothing,meesho_scraped_20261009.csv
MEESHO_333377247,Apaari Fab Women's Embroidered Georgette Straight Kurti,Women Clothing,Kurtas,Apaari Fab,311,311,0,4.1,17074,In Stock,Apaari Fab,https://images.meesho.com/images/products/333377247/ryeix_512.webp,https://www.meesho.com/apaari-fab-womens-embroidered-georgette-straight-kurti/p/5ihfj3,Embroidered straight-cut georgette kurti for women. Colour: White.,1,"S,M,L,XL,XXL",Georgette,True,7 days,Varies by pincode,2026-10-09T19:00:20,category/women-clothing,meesho_scraped_20261009.csv
MEESHO_300850467,Anarkali Kurti with Dupatta (Pink),Women Clothing,Kurtas,Unbranded,419,365,13,4.1,23331,In Stock,MA SYLAGARMENTS,https://images.meesho.com/images/products/300850467/sdkfw_512.webp,https://www.meesho.com/anarakali-kurti-and-dupatta-pink/p/4z49pf,Rayon anarkali kurti with matching dupatta. Colour: Pink.,1,"XS,S,M,L,XL,XXL,XXXL,4XL,5XL",Rayon,True,7 days,Varies by pincode,2026-10-09T19:00:40,category/women-clothing,meesho_scraped_20261009.csv
MEESHO_507398439,Stylish Rayon Short Kurti Top with Blue Embroidery (White),Women Clothing,Tops,Unbranded,218,218,0,4.2,9246,In Stock,ELA. Enterprises,https://images.meesho.com/images/products/507398439/gv9it_512.webp,https://www.meesho.com/new-stylish-rayon-short-kurtis-for-womencottan-kurti-for-women-premium-quality-white-kurti-with-blue-embroiderytrendy-short-kurti-design-for-modern-lookunder-199-short-kurti/p/8e3b53,Short white rayon kurti / top with blue embroidery for casual wear. Colour: White.,1,"XXS,XS,S,M,L,XL,XXL",Rayon,True,7 days,Varies by pincode,2026-10-09T19:01:00,category/women-clothing,meesho_scraped_20261009.csv
MEESHO_473465139,Straight Embroidered Kurta for Women and Girls,Women Clothing,Kurtas,Unbranded,234,211,10,4.3,7891,In Stock,Bapasitaram creation,https://images.meesho.com/images/products/473465139/czpvm_512.webp,https://www.meesho.com/straight-embroidered-kurta-for-women-and-girls/p/7tw01f,Straight-cut embroidered art silk kurta. Colour: Blue.,1,"XXS,S,M,L,XL,XXL,XXXL,4XL",Art Silk,True,7 days,Varies by pincode,2026-10-09T19:01:20,category/women-clothing,meesho_scraped_20261009.csv
MEESHO_438377875,Trending Cotton Saree with Blouse,Women Clothing,Sarees,Unbranded,272,272,0,3.7,7131,In Stock,Singh saree,https://images.meesho.com/images/products/438377875/wayio_512.webp,https://www.meesho.com/trending-cotton-sarees-with-blouse-399/p/78zyj7,"Trending Cotton Saree with Blouse. Material: Cotton. Size: Free Size (Saree 5.2 m, Blouse 0.8 m). Colour: White.",1,"Free Size (Saree 5.2 m, Blouse 0.8 m)",Cotton,True,7 days,Varies by pincode,2026-10-09T19:01:40,category/women-clothing,meesho_scraped_20261009.csv
MEESHO_545710451,Fancy Designer Georgette Saree with Hand Work,Women Clothing,Sarees,Unbranded,295,295,0,3.9,1733,In Stock,GOLD.STORE,https://images.meesho.com/images/products/545710451/vpxyt_512.webp,https://www.meesho.com/fancy-designer-georgette-saree-with-hand-work/p/90wgvn,"Fancy Designer Georgette Saree with Hand Work. Material: Georgette. Size: Free Size (Saree 5.5 m, Blouse 0.8 m). Colour: Green.",1,"Free Size (Saree 5.5 m, Blouse 0.8 m)",Georgette,True,7 days,Varies by pincode,2026-10-09T19:02:00,category/women-clothing,meesho_scraped_20261009.csv
MEESHO_349226858,"Shimmer Saree with Mirror Work, Chemical Lace and Diamond Hand Work",Women Clothing,Sarees,Unbranded,345,328,5,3.8,19567,In Stock,MIRACLE TEX,https://images.meesho.com/images/products/349226858/ep09w_512.webp,https://www.meesho.com/shimmer-saree-with-mirror-work-and-chemical-lace-and-dimond-hand-work/p/5rx562,"Shimmer Saree with Mirror Work, Chemical Lace and Diamond Hand Work. Material: Lycra Blend. Size: Free Size (Saree 5.5 m, Blouse 0.8 m). Colour: Pink.",1,"Free Size (Saree 5.5 m, Blouse 0.8 m)",Lycra Blend,True,7 days,Varies by pincode,2026-10-09T19:02:20,category/women-clothing,meesho_scraped_20261009.csv
MEESHO_348659567,Zareena Navy Blue Floral Print Cotton Saree with Contrast Border,Women Clothing,Sarees,Zareena,267,267,0,3.8,6846,In Stock,RADHE SHYAM CREATIONS,https://images.meesho.com/images/products/348659567/htkiy_512.webp,https://www.meesho.com/zareena-navy-blue-colour-floral-print-cotton-saree-with-contrast-border-lightweight-and-semi-transparent-tussar-look-saree-for-daily-wear-under-300/p/5rkzfz,"Zareena Navy Blue Floral Print Cotton Saree with Contrast Border. Brand: Zareena. Material: Cotton Blend. Size: Free Size (Saree 5.1 m, Blouse 0.8 m). Colour: Navy Blue.",1,"Free Size (Saree 5.1 m, Blouse 0.8 m)",Cotton Blend,True,7 days,Varies by pincode,2026-10-09T19:02:40,category/women-clothing,meesho_scraped_20261009.csv
MEESHO_375286758,Silk Printed Daily Wear Saree,Women Clothing,Sarees,Unbranded,256,256,0,3.9,19564,In Stock,JIHANA FAB,https://images.meesho.com/images/products/375286758/mpz9y_512.webp,https://www.meesho.com/best-silk-printed-daily-wear-saree/p/67fp46,"Silk Printed Daily Wear Saree. Material: Georgette (Blouse: Chiffon). Size: Free Size (Saree 5.3 m, Blouse 0.8 m). Colour: Multicolor.",1,"Free Size (Saree 5.3 m, Blouse 0.8 m)",Georgette (Blouse: Chiffon),True,7 days,Varies by pincode,2026-10-09T19:03:00,category/women-clothing,meesho_scraped_20261009.csv
MEESHO_475551682,Shiuli Cotton Saree Special Collection,Women Clothing,Sarees,Unbranded,372,372,0,4.2,13145,In Stock,MAA BAGDEVI SAREE CENTER,https://images.meesho.com/images/products/475551682/32e7l_512.webp,https://www.meesho.com/shiuli-saree-special-collection/p/7v4q0y,"Shiuli Cotton Saree Special Collection. Material: Cotton. Size: Free Size (Saree 5.5 m, Blouse 0.8 m). Colour: Pink.",1,"Free Size (Saree 5.5 m, Blouse 0.8 m)",Cotton,True,7 days,Varies by pincode,2026-10-09T19:03:20,category/women-clothing,meesho_scraped_20261009.csv
MEESHO_399011662,Women Crepe Dress with Jacket,Women Clothing,Dresses,Unbranded,288,288,0,3.9,8856,In Stock,EVERGREEN COLLECTION,https://images.meesho.com/images/products/399011662/ydbbi_512.webp,https://www.meesho.com/dress-and-jacket-for-women-women-dress-dresse-for-women-women-dress-crepe-dress/p/6lk7da,"Women Crepe Dress with Jacket. Material: Crepe. Size: S,M,L,XL. Colour: Black.",1,"S,M,L,XL",Crepe,True,7 days,Varies by pincode,2026-10-09T19:03:40,category/women-clothing,meesho_scraped_20261009.csv
MEESHO_494687511,Stylish Long Maxi Dress,Women Clothing,Dresses,Unbranded,245,233,5,3.9,6671,In Stock,Bright will,https://images.meesho.com/images/products/494687511/us3hf_512.webp,https://www.meesho.com/stylish-long-maxi-dress/p/86ivbr,"Stylish Long Maxi Dress. Material: Polyester. Size: XS,S,M,L,XL,XXL,XXXL. Colour: Black.",1,"XS,S,M,L,XL,XXL,XXXL",Polyester,True,7 days,Varies by pincode,2026-10-09T19:04:00,category/women-clothing,meesho_scraped_20261009.csv
MEESHO_989143248,Floral Printed Fit & Flare Off-Shoulder Maxi Dress (Black),Women Clothing,Dresses,Unbranded,230,196,15,4.1,106,In Stock,CITY GIRLS COLLECTIONS,https://images.meesho.com/images/products/989143248/zh2zm_512.webp,https://www.meesho.com/premium-floral-printed-fit-flare-black-womens-maxi-dress-off-shoulder-square-neck-casual-party-wear/p/gcwrtc,"Floral Printed Fit & Flare Off-Shoulder Maxi Dress (Black). Material: Cotton Blend. Size: S,M,L,XL,XXL. Colour: Black.",1,"S,M,L,XL,XXL",Cotton Blend,True,7 days,Varies by pincode,2026-10-09T19:04:20,category/women-clothing,meesho_scraped_20261009.csv
MEESHO_513384532,Stylish Ravishing Women Dress,Women Clothing,Dresses,Unbranded,436,436,0,4.2,4284,In Stock,JANIKAA FASHION,https://images.meesho.com/images/products/513384532/wskza_512.webp,https://www.meesho.com/stylish-ravishing-women-dresses/p/8hnm1g,"Stylish Ravishing Women Dress. Material: Lycra. Size: XS,S,M,L,XL. Colour: Lemon Yellow.",1,"XS,S,M,L,XL",Lycra,True,7 days,Varies by pincode,2026-10-09T19:04:40,category/women-clothing,meesho_scraped_20261009.csv
MEESHO_429438707,Sheetal Associates Women Maxi Dress (Pink),Women Clothing,Dresses,Sheetal Associates,1349,468,65,4.4,5680,In Stock,Sheetal Associates,https://images.meesho.com/images/products/429438707/vxjut_512.webp,https://www.meesho.com/sheetal-associates-women-maxi-pink-dress/p/73od0z,"Sheetal Associates Women Maxi Dress (Pink). Brand: Sheetal Associates. Material: Georgette. Size: XS,S,M,L,XL,XXL. Colour: Pink.",1,"XS,S,M,L,XL,XXL",Georgette,True,7 days,Varies by pincode,2026-10-09T19:05:00,category/women-clothing,meesho_scraped_20261009.csv
MEESHO_507286436,Retro Text Graphic Cropped Bodysuit (3-pc Set),Women Clothing,Tops,Unbranded,320,282,12,3.8,37405,In Stock,GoodLuck Baniyan,https://images.meesho.com/images/products/507286436/mdfyc_512.webp,https://www.meesho.com/3pcsset-casual-minimalist-retro-american-style-english-text-graphic-cropped-bodysuit-women-summer/p/8e0wpw,"Retro Text Graphic Cropped Bodysuit (3-pc Set). Material: Cotton. Size: XS,S,M,L,XL,XXL. Colour: White.",1,"XS,S,M,L,XL,XXL",Cotton,True,7 days,Varies by pincode,2026-10-09T19:05:20,category/women-clothing,meesho_scraped_20261009.csv
MEESHO_237236688,TUSI Tank Top Combo (Black-White),Women Clothing,Tops,TUSI,159,65,59,4.2,50328,In Stock,VISHNU ENTERPRISES,https://images.meesho.com/images/products/237236688/iisj3_512.webp,https://www.meesho.com/tusi-tank-top-combo-black-white-01/p/3x8t00,"TUSI Tank Top Combo (Black-White). Brand: TUSI. Material: Lycra. Size: XXS,XS,S,M,L,XL,XXL,XXXL. Colour: Black / White.",1,"XXS,XS,S,M,L,XL,XXL,XXXL",Lycra,True,7 days,Varies by pincode,2026-10-09T19:05:40,category/women-clothing,meesho_scraped_20261009.csv
MEESHO_546333433,Women Tank Crop Top Combo (3 pcs),Women Clothing,Tops,Unbranded,222,210,5,4.2,9334,In Stock,VISHNU ENTERPRISES,https://images.meesho.com/images/products/546333433/l6ysw_512.webp,https://www.meesho.com/womens-tank-top-combo/p/919tkp,"Women Tank Crop Top Combo (3 pcs). Material: Lycra. Size: XS,S,M,L,XL,XXL. Colour: Black / White / Brown.",1,"XS,S,M,L,XL,XXL",Lycra,True,7 days,Varies by pincode,2026-10-09T19:06:00,category/women-clothing,meesho_scraped_20261009.csv
MEESHO_546180865,Trendy Crop Top for Women,Women Clothing,Tops,Unbranded,341,305,11,3.9,5139,In Stock,CRT TRENDZ,https://images.meesho.com/images/products/546180865/xwti0_512.webp,https://www.meesho.com/trendy-crop-top-for-womens/p/916jup,"Trendy Crop Top for Women. Material: Cotton. Size: S,M,L,XL,XXL. Colour: White.",1,"S,M,L,XL,XXL",Cotton,True,7 days,Varies by pincode,2026-10-09T19:06:20,category/women-clothing,meesho_scraped_20261009.csv
MEESHO_544309273,Trendy Girls Crop Top,Women Clothing,Tops,Unbranded,205,205,0,4.1,3950,In Stock,Y&F Enterprises,https://images.meesho.com/images/products/544309273/s4at5_512.webp,https://www.meesho.com/trendy-girls-crop-top/p/902fq1,"Trendy Girls Crop Top. Material: Lycra. Size: S,M,L,XL. Colour: Maroon.",1,"S,M,L,XL",Lycra,True,7 days,Varies by pincode,2026-10-09T19:06:40,category/women-clothing,meesho_scraped_20261009.csv
MEESHO_487065317,Brown Rayon Embroidered Kurta with Bell Sleeves and Pant,Women Clothing,Suits,Unbranded,330,330,0,4.1,8371,In Stock,PRATHAVI TRENDZ,https://images.meesho.com/images/products/487065317/a3m5r_512.webp,https://www.meesho.com/exclusive-brown-rayon-embroidered-kurta-with-bell-sleeves-pant/p/81zi05,"Brown Rayon Embroidered Kurta with Bell Sleeves and Pant. Material: Rayon. Size: XXS,S,M,L,XL,XXL,XXXL. Colour: Brown.",1,"XXS,S,M,L,XL,XXL,XXXL",Rayon,True,7 days,Varies by pincode,2026-10-09T19:07:00,category/women-clothing,meesho_scraped_20261009.csv
MEESHO_32962343,Women Rayon Kurti with Palazzo,Women Clothing,Suits,Unbranded,294,265,10,3.8,70498,In Stock,Designer_house SD,https://images.meesho.com/images/products/32962343/ir564_512.webp,https://www.meesho.com/womans-rayon-kurti-with-palazzo/p/jmhwn,"Women Rayon Kurti with Palazzo. Material: Rayon. Size: XXS,S,M,L,XL,XXL,XXXL,4XL,5XL. Colour: Green / White.",1,"XXS,S,M,L,XL,XXL,XXXL,4XL,5XL",Rayon,True,7 days,Varies by pincode,2026-10-09T19:07:20,category/women-clothing,meesho_scraped_20261009.csv
MEESHO_386494810,Khadi Kurti with Pant,Women Clothing,Suits,Unbranded,223,201,10,4.0,5414,In Stock,ZOYA S,https://images.meesho.com/images/products/386494810/vdoaf_512.webp,https://www.meesho.com/khadi-kurti-wedh-pant/p/6e3xay,"Khadi Kurti with Pant. Material: Khadi Cotton. Size: XXS,XS,S,M,L,XL,XXL,XXXL,4XL,5XL. Colour: Pink.",1,"XXS,XS,S,M,L,XL,XXL,XXXL,4XL,5XL",Khadi Cotton,True,7 days,Varies by pincode,2026-10-09T19:07:40,category/women-clothing,meesho_scraped_20261009.csv
MEESHO_124882700,Bandhani Print Kurta Set with 3/4 Sleeves,Women Clothing,Suits,Unbranded,261,236,10,4.1,26096,In Stock,Abhishek textile,https://images.meesho.com/images/products/124882700/ig7tm_512.webp,https://www.meesho.com/bandhani-print-kurta-set-with-3-4-th-sleeve/p/22co3w,"Bandhani Print Kurta Set with 3/4 Sleeves. Material: Cotton. Size: XXS,XS,S,M,L,XL,XXL,XXXL,4XL,5XL. Colour: Pink / White.",1,"XXS,XS,S,M,L,XL,XXL,XXXL,4XL,5XL",Cotton,True,7 days,Varies by pincode,2026-10-09T19:08:00,category/women-clothing,meesho_scraped_20261009.csv
MEESHO_502998324,Women Cotton Kurta with Palazzo Set,Women Clothing,Suits,Unbranded,366,348,5,3.9,3476,In Stock,NEW MUSKAN FASHION,https://images.meesho.com/images/products/502998324/uzckm_512.webp,https://www.meesho.com/women-cotton-super-luxurious-kurta-with-pallazo-set/p/8bgzzo,"Women Cotton Kurta with Palazzo Set. Material: Cotton. Size: S,M,L,XL,XXL,XXXL. Colour: Beige / Brown.",1,"S,M,L,XL,XXL,XXXL",Cotton,True,7 days,Varies by pincode,2026-10-09T19:08:20,category/women-clothing,meesho_scraped_20261009.csv
MEESHO_426443566,Stylish Women Fancy Dress for Casual & Party Wear,Women Clothing,Dresses,Unbranded,294,272,7,4.2,10566,In Stock,DULHAN SAREE,https://images.meesho.com/images/products/426443566/jvzf7_512.webp,https://www.meesho.com/stylish-women-fancy-dresses-l-casual-party-wear/p/71w5ym,"Stylish Women Fancy Dress for Casual & Party Wear. Material: Cotton Blend. Size: S, M, L, XL, XXL. Colour: Black.",1,"S, M, L, XL, XXL",Cotton Blend,True,7 days,Varies by pincode,2026-10-09T19:08:40,category/women-clothing,meesho_scraped_20261009.csv
MEESHO_423523176,Fancy Gathered Women Dress & Gown,Women Clothing,Dresses,Unbranded,259,259,0,4.2,10906,In Stock,S Fashion,https://images.meesho.com/images/products/423523176/u3h8o_512.webp,https://www.meesho.com/fancy-gathered-women-dress-gown/p/705kko,"Fancy Gathered Women Dress & Gown. Material: Cotton. Size: XXS, S, M, L, XL, XXL. Colour: Purple.",1,"XXS, S, M, L, XL, XXL",Cotton,True,7 days,Varies by pincode,2026-10-09T19:09:00,category/women-clothing,meesho_scraped_20261009.csv
MEESHO_466292667,Pretty Feminine Women Dress,Women Clothing,Dresses,Unbranded,417,397,5,4.2,7463,In Stock,BIG 20shope,https://images.meesho.com/images/products/466292667/3cyxt_512.webp,https://www.meesho.com/pretty-feminine-women-dresses/p/7pm9q3,"Pretty Feminine Women Dress. Material: Cotton Blend. Size: S, M, L, XL. Colour: Aqua Blue.",1,"S, M, L, XL",Cotton Blend,True,7 days,Varies by pincode,2026-10-09T19:09:20,category/women-clothing,meesho_scraped_20261009.csv
MEESHO_531357483,Classic Elegant Women Dress,Women Clothing,Dresses,Unbranded,300,300,0,4.2,9025,In Stock,PRANSHU CREATIONS,https://images.meesho.com/images/products/531357483/8fng5_512.webp,https://www.meesho.com/classic-elegant-women-dresses/p/8scu23,"Classic Elegant Women Dress. Material: Lycra. Size: XS, S, M, L, XL, XXL. Colour: Brown.",1,"XS, S, M, L, XL, XXL",Lycra,True,7 days,Varies by pincode,2026-10-09T19:09:40,category/women-clothing,meesho_scraped_20261009.csv
MEESHO_193610992,Aagam Sensational Rayon Kurti,Women Clothing,Kurtas,Aagam,258,258,0,3.9,19305,In Stock,shree shyam handicraft,https://images.meesho.com/images/products/193610992/rgodi_512.webp,https://www.meesho.com/aagam-sensational-kurtis/p/379r74,"Aagam Sensational Rayon Kurti. Brand: Aagam. Material: Rayon. Size: S, M, L, XL, XXL, XXXL, 4XL, 5XL. Colour: Teal.",1,"S, M, L, XL, XXL, XXXL, 4XL, 5XL",Rayon,True,7 days,Varies by pincode,2026-10-09T19:10:00,category/women-clothing,meesho_scraped_20261009.csv
MEESHO_435755830,Women's Satin Kurti 2024 Collection,Women Clothing,Kurtas,Unbranded,198,198,0,4.0,21480,In Stock,Vaid Creation,https://images.meesho.com/images/products/435755830/dbyvq_512.webp,https://www.meesho.com/kurtis-for-women-2024-collection/p/77frcm,"Women's Satin Kurti 2024 Collection. Material: Satin. Size: S, M, L, XL, XXL, XXXL. Colour: Purple.",1,"S, M, L, XL, XXL, XXXL",Satin,True,7 days,Varies by pincode,2026-10-09T19:10:20,category/women-clothing,meesho_scraped_20261009.csv
MEESHO_499906523,Traditional Cotton Ajrakh Printed Kurti for Women,Women Clothing,Kurtas,Unbranded,294,294,0,4.3,9565,In Stock,GAUR COLLECTIONS,https://images.meesho.com/images/products/499906523/ldgd8_512.webp,https://www.meesho.com/traditional-cotton-ajrakh-printed-kurti-for-women/p/89mqcb,"Traditional Cotton Ajrakh Printed Kurti for Women. Material: Cotton Cambric. Size: XS, S, M, L, XL, XXL, XXXL, 4XL, 5XL, 6XL. Colour: Black.",1,"XS, S, M, L, XL, XXL, XXXL, 4XL, 5XL, 6XL",Cotton Cambric,True,7 days,Varies by pincode,2026-10-09T19:10:40,category/women-clothing,meesho_scraped_20261009.csv
MEESHO_149834633,Women's Rayon Kurta,Women Clothing,Kurtas,Unbranded,268,268,0,4.0,32262,In Stock,Krishna Art,https://images.meesho.com/images/products/149834633/saqqo_512.webp,https://www.meesho.com/women-kurta/p/2h7h55,"Women's Rayon Kurta. Material: Rayon. Size: S, M, L, XL, XXL, XXXL. Colour: Mint Green.",1,"S, M, L, XL, XXL, XXXL",Rayon,True,7 days,Varies by pincode,2026-10-09T19:11:00,category/women-clothing,meesho_scraped_20261009.csv
MEESHO_673508737,Cotton Silk Jacquard Saree with Unstitched Blouse,Women Clothing,Sarees,Unbranded,377,377,0,4.3,994,In Stock,ANSH TEXTILE AND SAREE,https://images.meesho.com/images/products/673508737/eye6y_512.webp,https://www.meesho.com/cotton-silk-jacquard-saree-with-unstitched-blouse/p/b4zmo1,"Cotton Silk Jacquard Saree with Unstitched Blouse. Material: Kanjeevaram Silk. Size: Free Size (Saree 5.5 m, Blouse 0.8 m). Colour: Pink.",1,"Free Size (Saree 5.5 m, Blouse 0.8 m)",Kanjeevaram Silk,True,7 days,Varies by pincode,2026-10-09T19:11:20,category/women-clothing,meesho_scraped_20261009.csv
MEESHO_262748965,Kasavu Cotton Blend White Saree with Blouse,Women Clothing,Sarees,Unbranded,250,250,0,4.1,3222,In Stock,TANVISAREES,https://images.meesho.com/images/products/262748965/k9akm_512.webp,https://www.meesho.com/kasavu-cotton-blend-white-saree-with-blouse/p/4cfmed,"Kasavu Cotton Blend White Saree with Blouse. Material: Cotton. Size: Free Size (Saree 5.5 m, Blouse 0.8 m). Colour: White.",1,"Free Size (Saree 5.5 m, Blouse 0.8 m)",Cotton,True,7 days,Varies by pincode,2026-10-09T19:11:40,category/women-clothing,meesho_scraped_20261009.csv
MEESHO_468095584,Khadi Cotton Soft Saree,Women Clothing,Sarees,Unbranded,291,291,0,4.2,2992,In Stock,Maa bharati saree house,https://images.meesho.com/images/products/468095584/y5zut_512.webp,https://www.meesho.com/khadi-cotton-soft-saree/p/7qowv4,"Khadi Cotton Soft Saree. Material: Khadi Cotton. Size: Free Size (Saree 6.3 m, Blouse 1.1 m). Colour: Yellow.",1,"Free Size (Saree 6.3 m, Blouse 1.1 m)",Khadi Cotton,True,7 days,Varies by pincode,2026-10-09T19:12:00,category/women-clothing,meesho_scraped_20261009.csv
MEESHO_498764704,Woven Handloom Cotton Saree,Women Clothing,Sarees,Unbranded,307,307,0,4.1,7560,In Stock,MAHAMAY,https://images.meesho.com/images/products/498764704/ehvz2_512.webp,https://www.meesho.com/woven-handloom-pure-cotton-saree/p/88y9b4,"Woven Handloom Cotton Saree. Material: Khadi Cotton. Size: Free Size (Saree 5.5 m, Blouse 0.8 m). Colour: Green.",1,"Free Size (Saree 5.5 m, Blouse 0.8 m)",Khadi Cotton,True,7 days,Varies by pincode,2026-10-09T19:12:20,category/women-clothing,meesho_scraped_20261009.csv
MEESHO_471130720,Women's Embroidered Rayon Kurta Pant Set with Dupatta (Pack of 3),Women Clothing,Suits,Unbranded,333,333,0,4.0,7350,In Stock,KEVAY,https://images.meesho.com/images/products/471130720/myfr1_512.webp,https://www.meesho.com/a-trending-womens-lavender-embroidered-cotton-kurta-set-with-dupatta-pastel-purple-straight-fit-kurti-pant-set-with-heavy-embroidered-dupatta-elegant-mauve-chikankari-style-cotton-salwar-suit-set-for-women-pack-of-3/p/7shysg,"Women's Embroidered Rayon Kurta Pant Set with Dupatta (Pack of 3). Material: Rayon. Size: XXS, XS, S, M, L, XL, XXL, XXXL, 4XL. Colour: Purple.",1,"XXS, XS, S, M, L, XL, XXL, XXXL, 4XL",Rayon,True,7 days,Varies by pincode,2026-10-09T19:12:40,category/women-clothing,meesho_scraped_20261009.csv
MEESHO_417863487,Women's Alia Cut Kurta Set (Cream),Women Clothing,Suits,Unbranded,438,438,0,4.2,13033,In Stock,NAMA KURTIES,https://images.meesho.com/images/products/417863487/oaxrr_512.webp,https://www.meesho.com/nkalia-cut/p/6ws9j3,"Women's Alia Cut Kurta Set (Cream). Material: Rayon. Size: XS, S, M, L, XL, XXL, XXXL, 4XL, 5XL. Colour: Cream.",1,"XS, S, M, L, XL, XXL, XXXL, 4XL, 5XL",Rayon,True,7 days,Varies by pincode,2026-10-09T19:13:00,category/women-clothing,meesho_scraped_20261009.csv
MEESHO_343627250,Women's Cotton Kurta and Pant Set (Yellow),Women Clothing,Suits,Unbranded,304,289,5,4.1,8205,In Stock,Limdee Sarees,https://images.meesho.com/images/products/343627250/lacpv_512.webp,https://www.meesho.com/women-kurtis-women-kurta-set-combo-set-combo-kurtis-for-women-kurti-for-women-cotton-women-kurta-and-pant-set/p/5ol4he,"Women's Cotton Kurta and Pant Set (Yellow). Material: Cotton. Size: XXS, XS, S, M, L, XL, XXL, XXXL, 4XL, 5XL. Colour: Yellow.",1,"XXS, XS, S, M, L, XL, XXL, XXXL, 4XL, 5XL",Cotton,True,7 days,Varies by pincode,2026-10-09T19:13:20,category/women-clothing,meesho_scraped_20261009.csv
MEESHO_371450152,Women's Rayon Aliya Cut Embroidered Kurti with Pant and Dupatta Set,Women Clothing,Suits,Unbranded,510,510,0,4.3,41861,In Stock,sonu_prints,https://images.meesho.com/images/products/371450152/qduxl_512.webp,https://www.meesho.com/womens-beautiful-rayon-aliya-cut-embroidered-kurti-with-pant-and-dupatta-set/p/655grs,"Women's Rayon Aliya Cut Embroidered Kurti with Pant and Dupatta Set. Material: Rayon. Size: XS, S, M, L, XL, XXL, XXXL, 4XL, 5XL. Colour: Purple.",1,"XS, S, M, L, XL, XXL, XXXL, 4XL, 5XL",Rayon,True,7 days,Varies by pincode,2026-10-09T19:13:40,category/women-clothing,meesho_scraped_20261009.csv
MEESHO_416769873,Fancy Art Silk Half Saree Lehenga (Unstitched),Women Clothing,Ethnic Wear,Unbranded,613,584,5,4.2,1068,In Stock,VR@TRENDZ,https://images.meesho.com/images/products/416769873/xnihv_512.webp,https://www.meesho.com/new-designed-fancy-half-saree-lahenga/p/6w4tox,Fancy Art Silk Half Saree Lehenga (Unstitched). Material: Art Silk. Size: Free Size (Unstitched). Colour: Pink.,1,Free Size (Unstitched),Art Silk,True,7 days,Varies by pincode,2026-10-09T19:14:00,category/women-clothing,meesho_scraped_20261009.csv
MEESHO_424665662,South Indian Pattu Half Saree Lehenga for Women,Women Clothing,Ethnic Wear,Unbranded,575,548,5,4.4,2300,In Stock,kashmira Creation,https://images.meesho.com/images/products/424665662/4xiek_512.webp,https://www.meesho.com/south-indian-pattu-half-saree-lehenga-for-women/p/70u24e,South Indian Pattu Half Saree Lehenga for Women. Material: Art Silk. Size: Free Size (Unstitched). Colour: Gold.,1,Free Size (Unstitched),Art Silk,True,7 days,Varies by pincode,2026-10-09T19:14:20,category/women-clothing,meesho_scraped_20261009.csv
MEESHO_449182767,Women's Kanjivaram Art Silk Zari Lehenga with Georgette Lace Work Dupatta,Women Clothing,Ethnic Wear,Unbranded,613,584,5,4.2,1283,In Stock,VR@TRENDZ,https://images.meesho.com/images/products/449182767/j6xhv_512.webp,https://www.meesho.com/womens-lehanga-kanjivaram-art-silk-pure-zari-with-blouse-along-with-heavy-gerogette-lace-work-dupatta-traditional/p/7ffjn3,Women's Kanjivaram Art Silk Zari Lehenga with Georgette Lace Work Dupatta. Material: Art Silk. Size: Free Size (Unstitched). Colour: Maroon.,1,Free Size (Unstitched),Art Silk,True,7 days,Varies by pincode,2026-10-09T19:14:40,category/women-clothing,meesho_scraped_20261009.csv
MEESHO_441656339,"Tank Top for Girls, Western Wear",Women Clothing,Tops,Unbranded,167,161,4,4.2,18670,In Stock,Cayra Enterprises,https://images.meesho.com/images/products/441656339/2fz6n_512.webp,https://www.meesho.com/tank-top-for-girls-western-wear-cool-look/p/7ay87n,"Tank Top for Girls, Western Wear. Material: Cotton Blend. Size: XXS, XS, S, M, L, XL. Colour: White.",1,"XXS, XS, S, M, L, XL",Cotton Blend,True,7 days,Varies by pincode,2026-10-09T19:15:00,category/women-clothing,meesho_scraped_20261009.csv
MEESHO_442180623,Backless Crop Top for Women,Women Clothing,Tops,Unbranded,182,182,0,4.1,1339,In Stock,KASA ONLINE,https://images.meesho.com/images/products/442180623/m3wps_512.webp,https://www.meesho.com/backless-crop-top-for-womens/p/7b9gr3,"Backless Crop Top for Women. Material: Lycra. Size: S, M, L, XL. Colour: Black.",1,"S, M, L, XL",Lycra,True,7 days,Varies by pincode,2026-10-09T19:15:20,category/women-clothing,meesho_scraped_20261009.csv
MEESHO_434034198,Women's Printed Stretchable Draped Crop Top (White),Women Clothing,Tops,Unbranded,255,235,8,3.9,6482,In Stock,AK KURTIS,https://images.meesho.com/images/products/434034198/yzc8r_512.webp,https://www.meesho.com/istyle-can-womenss-printed-stretchable-draped-crop-top-white/p/76euxi,"Women's Printed Stretchable Draped Crop Top (White). Material: Lycra. Size: M, L, XL. Colour: White.",1,"M, L, XL",Lycra,True,7 days,Varies by pincode,2026-10-09T19:15:40,category/women-clothing,meesho_scraped_20261009.csv
MEESHO_422361844,Women's Trendy Top (Beige),Women Clothing,Tops,Unbranded,317,280,12,4.3,7325,In Stock,N F EXPRESS,https://images.meesho.com/images/products/422361844/issjx_512.webp,https://www.meesho.com/mizoram-fashinable-trendy-women-top/p/6zgohg,"Women's Trendy Top (Beige). Material: Lycra. Size: XS, S, M, L, XL, XXL. Colour: Beige.",1,"XS, S, M, L, XL, XXL",Lycra,True,7 days,Varies by pincode,2026-10-09T19:16:00,category/women-clothing,meesho_scraped_20261009.csv
MEESHO_44175508,Comfy Fashionista Men Shirt,Men Clothing,Shirts,Unbranded,356,332,7,3.8,5755,In Stock,Rawat Company,https://images.meesho.com/images/products/44175508/bbvuf_512.webp,https://www.meesho.com/comfy-fashionista-men-shirts/p/qau1g,Casual cotton shirt for men. Colour: White.,1,"S,M,L,XL,XXL,XXXL,4XL",Cotton,True,7 days,Varies by pincode,2026-10-09T19:16:20,category/men-clothing,meesho_scraped_20261009.csv
MEESHO_2653067,Frekman Stylish Cotton Blend Check Men's Shirt (Pack of 1),Men Clothing,Shirts,Frekman,242,242,0,3.8,28377,In Stock,Dream_makers,https://images.meesho.com/images/products/2653067/1_512.webp,https://www.meesho.com/frekman-stylish-cotton-blend-check-mens-shirt-pack-of-1/p/1kv4b,Checked cotton-blend casual shirt for men. Colour: Black.,1,"S,M,L,XL,XXL",Cotton Blend,True,7 days,Varies by pincode,2026-10-09T19:16:40,category/men-clothing,meesho_scraped_20261009.csv
MEESHO_18229834,Fatty Mouse Men's Shirt,Men Clothing,Shirts,Fatty Mouse,254,230,9,3.9,10492,In Stock,SANWARIYA ENTERPRISES,https://images.meesho.com/images/products/18229834/6534a_512.webp,https://www.meesho.com/fatty-mouse-mens-shirts/p/auq8a,Cotton-blend casual shirt for men. Colour: Pink.,1,"XS,S,M,L,XL,XXL,XXXL",Cotton Blend,True,7 days,Varies by pincode,2026-10-09T19:17:00,category/men-clothing,meesho_scraped_20261009.csv
MEESHO_50094957,Comfy Latest Men Shirt,Men Clothing,Shirts,Unbranded,271,234,14,4.1,5784,In Stock,ENGELA,https://images.meesho.com/images/products/50094957/zgqcm_512.webp,https://www.meesho.com/comfy-latest-men-shirts/p/ttpil,Casual cotton shirt for men. Colour: Green.,1,"S,M,L,XL,XXL,XXXL,4XL",Cotton,True,7 days,Varies by pincode,2026-10-09T19:17:20,category/men-clothing,meesho_scraped_20261009.csv
MEESHO_62483989,Men's Cotton Hooded Neck Long Sleeve Sweatshirt,Men Clothing,Casual Wear,Unbranded,205,205,0,3.9,743,In Stock,Shree Goga ji,https://images.meesho.com/images/products/62483989/ar7ku_512.webp,https://www.meesho.com/mens-cotton-hooded-neck-long-sleeve-sweatshirt/p/1178yd,Hooded long-sleeve cotton-blend sweatshirt for men. Colour: Navy Blue.,1,"S,M,L,XL",Cotton Blend,True,7 days,Varies by pincode,2026-10-09T19:17:40,category/men-clothing,meesho_scraped_20261009.csv
MEESHO_456373264,Men's Color Block Crew Neck Short Sleeve T-Shirt,Men Clothing,T-Shirts,Unbranded,215,215,0,4.0,6231,In Stock,ZOIM Apparels,https://images.meesho.com/images/products/456373264/yrdmg_512.webp,https://www.meesho.com/mens-color-block-pattern-fashion-crew-neck-short-sleeve-quality-t-shirt-for-all-seasons/p/7jpnv4,"Men's Color Block Crew Neck Short Sleeve T-Shirt. Material: Cotton. Size: S,M,L,XL,XXL. Colour: Multicolor.",1,"S,M,L,XL,XXL",Cotton,True,7 days,Varies by pincode,2026-10-09T19:18:00,category/men-clothing,meesho_scraped_20261009.csv
MEESHO_545704308,Men's Oversized Waffle Knit T-Shirt,Men Clothing,T-Shirts,Unbranded,227,194,15,4.0,7228,In Stock,NK fashion Store,https://images.meesho.com/images/products/545704308/yvmou_512.webp,https://www.meesho.com/mens-oversized-waffle-knit-t-shirt-textured-cotton-blend-casual-streetwear-breathable-stylish-popcorn-fabric-tee-relaxed-fit-for-everyday-comfort-fashionable-look/p/90wc50,"Men's Oversized Waffle Knit T-Shirt. Material: Cotton Blend. Size: S,M,L,XL,XXL,XXXL. Colour: Green.",1,"S,M,L,XL,XXL,XXXL",Cotton Blend,True,7 days,Varies by pincode,2026-10-09T19:18:20,category/men-clothing,meesho_scraped_20261009.csv
MEESHO_516804799,Clotvin Men Self Design Polo T-Shirt,Men Clothing,T-Shirts,Clotvin,275,248,10,4.0,4375,In Stock,COVETVOLO ENTERPRISE,https://images.meesho.com/images/products/516804799/wa1nv_512.webp,https://www.meesho.com/clotvin-men-self-design-polo-t-shirt-for-men-and-boys/p/8jox4v,"Clotvin Men Self Design Polo T-Shirt. Brand: Clotvin. Material: Polycotton. Size: S,M,L,XL,XXL. Colour: Brown.",1,"S,M,L,XL,XXL",Polycotton,True,7 days,Varies by pincode,2026-10-09T19:18:40,category/men-clothing,meesho_scraped_20261009.csv
MEESHO_510108326,Men's Printed T-Shirt (Pack of 4),Men Clothing,T-Shirts,Unbranded,303,303,0,3.9,5127,In Stock,SARANSH COLLECTIONS,https://images.meesho.com/images/products/510108326/hsazf_512.webp,https://www.meesho.com/mens-printed-tshirt-pack-of-4/p/8fpe3q,"Men's Printed T-Shirt (Pack of 4). Material: Polyester. Size: XS,S,M,L,XL,XXL. Colour: Pink.",1,"XS,S,M,L,XL,XXL",Polyester,True,7 days,Varies by pincode,2026-10-09T19:19:00,category/men-clothing,meesho_scraped_20261009.csv
MEESHO_246647411,Ravishing Trendy Men's Jeans,Men Clothing,Jeans,Unbranded,279,279,0,3.8,816,In Stock,Jai shree mahakaal enterprises,https://images.meesho.com/images/products/246647411/qyja4_512.webp,https://www.meesho.com/ravising-trendy-mens-jeans/p/42uicz,"Ravishing Trendy Men's Jeans. Material: Cotton Blend. Size: 28,30,32. Colour: Black.",1,"28,30,32",Cotton Blend,True,7 days,Varies by pincode,2026-10-09T19:19:20,category/men-clothing,meesho_scraped_20261009.csv
MEESHO_426326961,Men's Stretchable Denim Jeans,Men Clothing,Jeans,Unbranded,653,589,10,3.9,1073,In Stock,Krishiika Enterprise,https://images.meesho.com/images/products/426326961/5uf6c_512.webp,https://www.meesho.com/mens-denim-comfortable-nd-stretchable-jens-pant-for-mens-regular-wear-causal-wear/p/71tnzl,"Men's Stretchable Denim Jeans. Material: Denim. Size: 30,32,36,38,40,42. Colour: Light Blue.",1,"30,32,36,38,40,42",Denim,True,7 days,Varies by pincode,2026-10-09T19:19:40,category/men-clothing,meesho_scraped_20261009.csv
MEESHO_411905061,Full Length Cotton Jeans for Men (Grey Knit),Men Clothing,Jeans,Unbranded,468,468,0,4.0,3591,In Stock,Amin Textiles,https://images.meesho.com/images/products/411905061/moyyo_512.webp,https://www.meesho.com/comfortable-partycasual-wear-full-length-cotton-jeans-for-men-fashiongrey-knitts/p/6t8jz9,"Full Length Cotton Jeans for Men (Grey Knit). Material: Cotton. Size: 26,30,32,34,36,38,40,44. Colour: Grey.",1,"26,30,32,34,36,38,40,44",Cotton,True,7 days,Varies by pincode,2026-10-09T19:20:00,category/men-clothing,meesho_scraped_20261009.csv
MEESHO_377672122,Men Denim Stylish Casual Jeans (Grey),Men Clothing,Jeans,Unbranded,407,407,0,3.8,4296,In Stock,Amin Textiles,https://images.meesho.com/images/products/377672122/qufzs_512.webp,https://www.meesho.com/men-denim-stylish-casual-jeans-pant-grey/p/68utoa,"Men Denim Stylish Casual Jeans (Grey). Material: Denim. Size: 26,28,30,32,34,36,38,40. Colour: Grey.",1,"26,28,30,32,34,36,38,40",Denim,True,7 days,Varies by pincode,2026-10-09T19:20:20,category/men-clothing,meesho_scraped_20261009.csv
MEESHO_394109323,SK Fashion Premium Polycotton Short Kurta for Men,Men Clothing,Kurtas,SK Fashion,332,300,10,4.1,4750,In Stock,SK FASHION 2021,https://images.meesho.com/images/products/394109323/up71e_512.webp,https://www.meesho.com/sk-fashion-premium-polycotton-short-kurta-for-men/p/6in4p7,"SK Fashion Premium Polycotton Short Kurta for Men. Brand: SK Fashion. Material: Polycotton. Size: M,L,XL,XXL. Colour: Pink.",1,"M,L,XL,XXL",Polycotton,True,7 days,Varies by pincode,2026-10-09T19:20:40,category/men-clothing,meesho_scraped_20261009.csv
MEESHO_81894171,Lucknawi Chikan Kurta with Bottom,Men Clothing,Ethnic Wear,Unbranded,368,328,11,4.1,3338,In Stock,T. R CHIKAN,https://images.meesho.com/images/products/81894171/xxdur_512.webp,https://www.meesho.com/lucknawi-chikan-kurta-with-bottom/p/1cr9y3,"Lucknawi Chikan Kurta with Bottom. Material: Cotton. Size: M,L,XL,XXL. Colour: Blue.",1,"M,L,XL,XXL",Cotton,True,7 days,Varies by pincode,2026-10-09T19:21:00,category/men-clothing,meesho_scraped_20261009.csv
MEESHO_82347793,Cotton Kurta for Men,Men Clothing,Kurtas,Unbranded,334,295,12,4.1,6563,In Stock,TIBRA COLLECTION,https://images.meesho.com/images/products/82347793/yzjce_512.webp,https://www.meesho.com/kurta-for-men-cotton-kurta-for-men/p/1d0zyp,"Cotton Kurta for Men. Material: Cotton. Size: S,M,L,XL,XXL,XXXL. Colour: Yellow.",1,"S,M,L,XL,XXL,XXXL",Cotton,True,7 days,Varies by pincode,2026-10-09T19:21:20,category/men-clothing,meesho_scraped_20261009.csv
MEESHO_145199131,Men's White Straight Kurta Pyjama Set,Men Clothing,Ethnic Wear,Unbranded,387,387,0,4.1,2245,In Stock,Ganesh Creation GC,https://images.meesho.com/images/products/145199131/aynkr_512.webp,https://www.meesho.com/mens-white-straigth-kurta-pyjama-set-combo-in-100-cotton-with-multiple-colour-option-and-sizes-birthdaywedding-ceremony-casual-engagement/p/2eg4d7,"Men's White Straight Kurta Pyjama Set. Material: Cotton. Size: XS,S,M,L,XL,XXL,XXXL. Colour: White.",1,"XS,S,M,L,XL,XXL,XXXL",Cotton,True,7 days,Varies by pincode,2026-10-09T19:21:40,category/men-clothing,meesho_scraped_20261009.csv
MEESHO_436922125,Men's Trendy Track Pant (Lower),Men Clothing,Casual Wear,Unbranded,205,185,10,4.0,14813,In Stock,FASHION ONLINE,https://images.meesho.com/images/products/436922125/lijmt_512.webp,https://www.meesho.com/motorsportsbmwtrendy-lowerstylish-loswer/p/784r9p,"Men's Trendy Track Pant (Lower). Material: Polyester. Size: 24,26,28,30,32,34. Colour: Grey.",1,"24,26,28,30,32,34",Polyester,True,7 days,Varies by pincode,2026-10-09T19:22:00,category/men-clothing,meesho_scraped_20261009.csv
MEESHO_303005549,Men's Regular Fit Army Print Cargo Trousers,Men Clothing,Casual Wear,Unbranded,308,299,3,4.0,16421,In Stock,SHREE RAM GARMENTS_1,https://images.meesho.com/images/products/303005549/aefkl_512.webp,https://www.meesho.com/mens-regular-fit-army-print-cargo-style-casual-trousers-pants/p/50egkt,"Men's Regular Fit Army Print Cargo Trousers. Material: Cotton. Size: 28,30,32,34,36,38,40. Colour: Multicolor.",1,"28,30,32,34,36,38,40",Cotton,True,7 days,Varies by pincode,2026-10-09T19:22:20,category/men-clothing,meesho_scraped_20261009.csv
MEESHO_482585305,Trendy Track Pant for Men,Men Clothing,Casual Wear,Unbranded,286,286,0,3.9,3147,In Stock,SEEMA HOUSE,https://images.meesho.com/images/products/482585305/h2pac_512.webp,https://www.meesho.com/track-pant-for-men-lower-for-men-trendy-track-pant/p/7zbh7d,"Trendy Track Pant for Men. Material: Lycra. Size: 28,30,32,34,36,38. Colour: White.",1,"28,30,32,34,36,38",Lycra,True,7 days,Varies by pincode,2026-10-09T19:22:40,category/men-clothing,meesho_scraped_20261009.csv
MEESHO_235154623,Heavy Silver Track Pant for Men,Men Clothing,Casual Wear,Unbranded,201,188,6,4.1,1058,In Stock,H S CREATION,https://images.meesho.com/images/products/235154623/ivhjr_512.webp,https://www.meesho.com/heavy-silver-trackpant/p/3w06gv,"Heavy Silver Track Pant for Men. Material: Lycra. Size: 26,28,30,32,34. Colour: Silver.",1,"26,28,30,32,34",Lycra,True,7 days,Varies by pincode,2026-10-09T19:23:00,category/men-clothing,meesho_scraped_20261009.csv
MEESHO_535366489,Youth First Striped Shirt for Men,Men Clothing,Shirts,Youth First,243,230,5,3.8,6304,In Stock,BD ENTERPRISES,https://images.meesho.com/images/products/535366489/hwhe7_512.webp,https://www.meesho.com/youth-first-strip-shirts/p/8uqrfd,"Youth First Striped Shirt for Men. Brand: Youth First. Material: Polycotton. Size: M,L,XL,XXL. Colour: Multicolor.",1,"M,L,XL,XXL",Polycotton,True,7 days,Varies by pincode,2026-10-09T19:23:20,category/men-clothing,meesho_scraped_20261009.csv
MEESHO_375220996,Classic Retro Men Shirt,Men Clothing,Shirts,Unbranded,246,246,0,4.0,20585,In Stock,RODIEZ,https://images.meesho.com/images/products/375220996/zhwaj_512.webp,https://www.meesho.com/classic-retro-men-shirts/p/67eadg,"Classic Retro Men Shirt. Material: Cotton Blend. Size: XXS,S,M,L,XL,XXL,XXXL,4XL. Colour: Green.",1,"XXS,S,M,L,XL,XXL,XXXL,4XL",Cotton Blend,True,7 days,Varies by pincode,2026-10-09T19:23:40,category/men-clothing,meesho_scraped_20261009.csv
MEESHO_176006122,Oversize Plus Size Men Casual Printed Shirt,Men Clothing,Shirts,Unbranded,249,222,11,4.1,8371,In Stock,BHARAT,https://images.meesho.com/images/products/176006122/pj4tu_512.webp,https://www.meesho.com/oversize-plus-size-men-casual-printed-shirt/p/2wsf6y,"Oversize Plus Size Men Casual Printed Shirt. Material: Cotton Blend. Size: S,M,L,XL,XXL,XXXL,4XL,5XL. Colour: Black.",1,"S,M,L,XL,XXL,XXXL,4XL,5XL",Cotton Blend,True,7 days,Varies by pincode,2026-10-09T19:24:00,category/men-clothing,meesho_scraped_20261009.csv
MEESHO_383857316,Stylish Men's Shirt (Grey),Men Clothing,Shirts,Unbranded,239,216,10,4.1,35399,In Stock,ENGELA,https://images.meesho.com/images/products/383857316/qkym9_512.webp,https://www.meesho.com/stylish-glamorous-men-shirts/p/6cje78,"Stylish Men's Shirt (Grey). Material: Polycotton. Size: XXS, S, M, L, XL, XXL, XXXL, 4XL. Colour: Grey.",1,"XXS, S, M, L, XL, XXL, XXXL, 4XL",Polycotton,True,7 days,Varies by pincode,2026-10-09T19:24:20,category/men-clothing,meesho_scraped_20261009.csv
MEESHO_401626693,Men's Formal Check Shirt (Grey),Men Clothing,Shirts,Unbranded,234,234,0,4.2,9511,In Stock,BHARAT,https://images.meesho.com/images/products/401626693/pstu3_512.webp,https://www.meesho.com/mens-dashing-formal-check-shirt/p/6n4951,"Men's Formal Check Shirt (Grey). Material: Cotton Blend. Size: XXS, S, M, L, XL, XXL, XXXL, 4XL, 5XL. Colour: Grey.",1,"XXS, S, M, L, XL, XXL, XXXL, 4XL, 5XL",Cotton Blend,True,7 days,Varies by pincode,2026-10-09T19:24:40,category/men-clothing,meesho_scraped_20261009.csv
MEESHO_50519349,COSOVO Men's Shirt (Navy Blue),Men Clothing,Shirts,COSOVO,246,220,11,4.1,21040,In Stock,BHARAT,https://images.meesho.com/images/products/50519349/cvyy0_512.webp,https://www.meesho.com/cosovo-trendy-ravishing-men-shirts/p/u2sz9,"COSOVO Men's Shirt (Navy Blue). Brand: COSOVO. Material: Cotton. Size: S, M, L, XL, XXL. Colour: Navy Blue.",1,"S, M, L, XL, XXL",Cotton,True,7 days,Varies by pincode,2026-10-09T19:25:00,category/men-clothing,meesho_scraped_20261009.csv
MEESHO_544049602,Falcon Stylish Shirt for Men (Blue),Men Clothing,Shirts,Falcon,315,278,12,4.0,3288,In Stock,FASHION POINT,https://images.meesho.com/images/products/544049602/esy8n_512.webp,https://www.meesho.com/falcon-stylish-shirts-for-men/p/8zwvcy,"Falcon Stylish Shirt for Men (Blue). Brand: Falcon. Material: Cotton Blend. Size: XXS, S, M, L, XL. Colour: Blue.",1,"XXS, S, M, L, XL",Cotton Blend,True,7 days,Varies by pincode,2026-10-09T19:25:20,category/men-clothing,meesho_scraped_20261009.csv
MEESHO_527868017,Unique Design Printed T-Shirt for Men (White),Men Clothing,T-Shirts,Unbranded,212,203,4,3.9,4806,In Stock,Fiesta hut,https://images.meesho.com/images/products/527868017/ytgsu_512.webp,https://www.meesho.com/unique-design-cool-printed-tshirt-for-men/p/8qa1kh,"Unique Design Printed T-Shirt for Men (White). Material: Cotton Blend. Size: S, M, L, XL, XXL. Colour: White.",1,"S, M, L, XL, XXL",Cotton Blend,True,7 days,Varies by pincode,2026-10-09T19:25:40,category/men-clothing,meesho_scraped_20261009.csv
MEESHO_246616963,RISS Men's Cotton Half Sleeves Solid Polo T-Shirt (Green),Men Clothing,T-Shirts,RISS,361,361,0,4.1,14328,In Stock,RISS,https://images.meesho.com/images/products/246616963/qixkn_512.webp,https://www.meesho.com/riss-mens-cotton-half-sleeves-solid-polo-t-shirt/p/42tuv7,"RISS Men's Cotton Half Sleeves Solid Polo T-Shirt (Green). Brand: RISS. Material: Cotton Blend. Size: M, L, XL, XXL. Colour: Green.",1,"M, L, XL, XXL",Cotton Blend,True,7 days,Varies by pincode,2026-10-09T19:26:00,category/men-clothing,meesho_scraped_20261009.csv
MEESHO_484712113,Printed Half-Sleeve T-Shirt for Men (Black),Men Clothing,T-Shirts,Unbranded,188,188,0,3.8,1671,In Stock,SCUDI,https://images.meesho.com/images/products/484712113/8rckw_512.webp,https://www.meesho.com/trendy-black-colour-printed-half-sleeve-t-shirts-for-men/p/80l29d,"Printed Half-Sleeve T-Shirt for Men (Black). Material: Cotton. Size: S, M, L, XL, XXL. Colour: Black.",1,"S, M, L, XL, XXL",Cotton,True,7 days,Varies by pincode,2026-10-09T19:26:20,category/men-clothing,meesho_scraped_20261009.csv
MEESHO_368166583,Men's Cotton Blend Black Jeans,Men Clothing,Jeans,Unbranded,378,378,0,4.0,1017,In Stock,24x7 ONLINE STORE,https://images.meesho.com/images/products/368166583/cuku0_512.webp,https://www.meesho.com/men-cotton-blend-black-jeans/p/63735j,"Men's Cotton Blend Black Jeans. Material: Cotton Blend. Size: 28, 30, 32. Colour: Black.",1,"28, 30, 32",Cotton Blend,True,7 days,Varies by pincode,2026-10-09T19:26:40,category/men-clothing,meesho_scraped_20261009.csv
MEESHO_333298498,Koetler Men's Slim Black Jeans,Men Clothing,Jeans,Koetler,313,313,0,4.0,2111,In Stock,Koetler Fashion Wear,https://images.meesho.com/images/products/333298498/ycvjn_512.webp,https://www.meesho.com/koetler-mens-slim-black-jeans/p/5ifqrm,"Koetler Men's Slim Black Jeans. Brand: Koetler. Material: Denim. Size: 24, 26, 28, 30, 32, 34, 36. Colour: Black.",1,"24, 26, 28, 30, 32, 34, 36",Denim,True,7 days,Varies by pincode,2026-10-09T19:27:00,category/men-clothing,meesho_scraped_20261009.csv
MEESHO_46295400,FANG JEANS Men's Solid Blackish Green Jeans,Men Clothing,Jeans,FANG JEANS,381,356,7,3.8,1339,In Stock,FANG JEANS,https://images.meesho.com/images/products/46295400/lsf5p_512.webp,https://www.meesho.com/fang-jeans-mens-solid-blackish-green-jeans/p/rk9rc,"FANG JEANS Men's Solid Blackish Green Jeans. Brand: FANG JEANS. Material: Denim. Size: 28, 30, 32, 34, 36, 38, 40. Colour: Blackish Green.",1,"28, 30, 32, 34, 36, 38, 40",Denim,True,7 days,Varies by pincode,2026-10-09T19:27:20,category/men-clothing,meesho_scraped_20261009.csv
MEESHO_446242455,Traditional Embroidery Chikankari Work Lakhnavi Kurta for Men (Only Kurta),Men Clothing,Kurtas,Unbranded,444,409,8,3.9,1432,In Stock,Jaliyan creation,https://images.meesho.com/images/products/446242455/urxuq_512.webp,https://www.meesho.com/only-kurta-traditional-embroidery-chikankari-work-lakhnavi-kurta-for-mens/p/7doivr,"Traditional Embroidery Chikankari Work Lakhnavi Kurta for Men (Only Kurta). Material: Rayon. Size: XXS, S, M, L, XL, XXL. Colour: Green.",1,"XXS, S, M, L, XL, XXL",Rayon,True,7 days,Varies by pincode,2026-10-09T19:27:40,category/men-clothing,meesho_scraped_20261009.csv
MEESHO_182707434,Khadi Cotton Kurta Pajama Set for Men,Men Clothing,Ethnic Wear,Unbranded,399,399,0,4.2,3656,In Stock,SHAYAN TEXTILES,https://images.meesho.com/images/products/182707434/1ibww_512.webp,https://www.meesho.com/khadi-cotton-kurta-pajama-for-men/p/30s1yi,"Khadi Cotton Kurta Pajama Set for Men. Material: Khadi Cotton, Cotton. Size: M, L, XL, XXL, XXXL. Colour: Beige, White.",1,"M, L, XL, XXL, XXXL","Khadi Cotton, Cotton",True,7 days,Varies by pincode,2026-10-09T19:28:00,category/men-clothing,meesho_scraped_20261009.csv
MEESHO_537754200,Premium Quality Lucknawi Chikankari Kurta for Men (Only Kurta),Men Clothing,Kurtas,Unbranded,450,406,10,4.1,1440,In Stock,JMD ENTERPRISEEESS,https://images.meesho.com/images/products/537754200/owlwe_512.webp,https://www.meesho.com/premium-quality-lucknawi-chikankari-kurta-for-men-only-kurta/p/8w5xso,"Premium Quality Lucknawi Chikankari Kurta for Men (Only Kurta). Material: Rayon. Size: S, M, L, XL, XXL. Colour: Purple.",1,"S, M, L, XL, XXL",Rayon,True,7 days,Varies by pincode,2026-10-09T19:28:20,category/men-clothing,meesho_scraped_20261009.csv
MEESHO_466605512,Traditional Men's Kurta Shirt (Pink),Men Clothing,Kurtas,Unbranded,270,258,4,4.1,137,In Stock,AD IMPEX,https://images.meesho.com/images/products/466605512/xh3pv_512.webp,https://www.meesho.com/traditional-mens-kurta-shirt/p/7psz48,"Traditional Men's Kurta Shirt (Pink). Material: Cotton. Size: S, M, L, XL, XXL. Colour: Pink.",1,"S, M, L, XL, XXL",Cotton,True,7 days,Varies by pincode,2026-10-09T19:28:40,category/men-clothing,meesho_scraped_20261009.csv
MEESHO_312238396,Kurta for Men (Teal),Men Clothing,Kurtas,Unbranded,309,295,5,4.1,703,In Stock,LOVELYFASHION,https://images.meesho.com/images/products/312238396/num83_512.webp,https://www.meesho.com/kurta-for-men/p/55wcos,"Kurta for Men (Teal). Material: Cotton Blend. Size: S, M, L, XL, XXL, XXXL. Colour: Teal.",1,"S, M, L, XL, XXL, XXXL",Cotton Blend,True,7 days,Varies by pincode,2026-10-09T19:29:00,category/men-clothing,meesho_scraped_20261009.csv
MEESHO_225048022,Pathani Suit for Men (White),Men Clothing,Ethnic Wear,Unbranded,687,612,11,4.2,2845,In Stock,DIGITAL SALES,https://images.meesho.com/images/products/225048022/avuo4_512.webp,https://www.meesho.com/pathani-suit-white-for-men/p/3pzk5y,"Pathani Suit for Men (White). Material: Pure Cotton. Size: XS, S, M, L, XL, XXL, XXXL, 4XL, 5XL. Colour: White.",1,"XS, S, M, L, XL, XXL, XXXL, 4XL, 5XL",Pure Cotton,True,7 days,Varies by pincode,2026-10-09T19:29:20,category/men-clothing,meesho_scraped_20261009.csv
MEESHO_455806051,Ethnic Kurta Pajama Set for Men,Men Clothing,Ethnic Wear,Unbranded,424,391,8,4.3,817,In Stock,FINESSE CLOTHING HUB,https://images.meesho.com/images/products/455806051/m2xqq_512.webp,https://www.meesho.com/ethnic-kurta-pajama-for-men/p/7jdi77,"Ethnic Kurta Pajama Set for Men. Material: Khadi Cotton, Cotton Blend. Size: M, L, XL, XXL, XXXL. Colour: Grey, White.",1,"M, L, XL, XXL, XXXL","Khadi Cotton, Cotton Blend",True,7 days,Varies by pincode,2026-10-09T19:29:40,category/men-clothing,meesho_scraped_20261009.csv
MEESHO_377580367,Men's Full Sleeve Formal Cotton Kurta and Pajama,Men Clothing,Ethnic Wear,Unbranded,385,336,13,4.0,1359,In Stock,Dagge,https://images.meesho.com/images/products/377580367/cwiwu_512.webp,https://www.meesho.com/mens-full-sleeve-formal-cotton-kurta-and-pajama/p/68suvj,"Men's Full Sleeve Formal Cotton Kurta and Pajama. Material: Cotton Blend. Size: S, M, L, XL, XXL, XXXL. Colour: Green, White.",1,"S, M, L, XL, XXL, XXXL",Cotton Blend,True,7 days,Varies by pincode,2026-10-09T19:30:00,category/men-clothing,meesho_scraped_20261009.csv
MEESHO_348167123,Checked Track Pants for Men (Navy),Men Clothing,Casual Wear,Unbranded,218,218,0,3.8,4324,In Stock,SMAKAT,https://images.meesho.com/images/products/348167123/8jxx2_512.webp,https://www.meesho.com/checked-trackpants-navy/p/5rafgz,"Checked Track Pants for Men (Navy). Material: Cotton. Size: 30, 32, 34, 36. Colour: Navy Blue.",1,"30, 32, 34, 36",Cotton,True,7 days,Varies by pincode,2026-10-09T19:30:20,category/men-clothing,meesho_scraped_20261009.csv
MEESHO_54121202,Men's Cotton Track Pant (Grey Melange),Men Clothing,Casual Wear,Unbranded,217,217,0,4.1,2633,In Stock,MNOP,https://images.meesho.com/images/products/54121202/aw5nv_512.webp,https://www.meesho.com/mens-cotton-track-pant/p/w806q,"Men's Cotton Track Pant (Grey Melange). Material: Cotton. Size: 30, 32, 34, 36, 38. Colour: Grey Melange.",1,"30, 32, 34, 36, 38",Cotton,True,7 days,Varies by pincode,2026-10-09T19:30:40,category/men-clothing,meesho_scraped_20261009.csv
MEESHO_362907936,KAFF Men's Jogger Fit Cargo Track Pant (Black),Men Clothing,Casual Wear,KAFF,309,261,16,3.7,1655,In Stock,KAFF APPARELS,https://images.meesho.com/images/products/362907936/jvapa_512.webp,https://www.meesho.com/kaff-mens-jogger-fit-cargo-track-pant-black/p/602dk0,"KAFF Men's Jogger Fit Cargo Track Pant (Black). Brand: KAFF. Material: Cotton Blend. Size: 24, 26, 28, 30, 32, 34, 36, M, L, XL, XXL. Colour: Black.",1,"24, 26, 28, 30, 32, 34, 36, M, L, XL, XXL",Cotton Blend,True,7 days,Varies by pincode,2026-10-09T19:31:00,category/men-clothing,meesho_scraped_20261009.csv
MEESHO_434866801,Solid Men's Track Pant (Grey),Men Clothing,Casual Wear,Unbranded,234,211,10,4.0,636,In Stock,ZAZBI FASHION,https://images.meesho.com/images/products/434866801/a5myf_512.webp,https://www.meesho.com/solid-mens-trackpant-for-regular-use/p/76wpdd,"Solid Men's Track Pant (Grey). Material: Cotton Blend. Size: 28, 30, 32, 34, 36, S, M, L, XL, XXL. Colour: Grey.",1,"28, 30, 32, 34, 36, S, M, L, XL, XXL",Cotton Blend,True,7 days,Varies by pincode,2026-10-09T19:31:20,category/men-clothing,meesho_scraped_20261009.csv
MEESHO_474542031,MANBAT Oversized T-Shirt (Black),Men Clothing,T-Shirts,MANBAT,189,181,4,3.9,4623,In Stock,GRACE FAME,https://images.meesho.com/images/products/474542031/y0o5m_512.webp,https://www.meesho.com/manbat-oversized-tshirt/p/7uj2z3,"MANBAT Oversized T-Shirt (Black). Brand: MANBAT. Material: Cotton. Size: S, M, L, XL, XXL. Colour: Black.",1,"S, M, L, XL, XXL",Cotton,True,7 days,Varies by pincode,2026-10-09T19:31:40,category/men-clothing,meesho_scraped_20261009.csv
MEESHO_544629531,Cutiepie Elegant Boys Top & Bottom Set,Kids Clothing,Boys Clothing,Unbranded,227,194,15,4.0,9775,In Stock,LULLINO,https://images.meesho.com/images/products/544629531/jwjab_512.webp,https://www.meesho.com/cutiepie-elegant-boys-top-bottom-sets/p/909au3,Cotton top and bottom set for boys. Colour: Beige / White.,1,"0-1Y,1-2Y,2-3Y,3-4Y,4-5Y,5-6Y,6-7Y",Cotton,True,7 days,Varies by pincode,2026-10-09T19:32:00,category/kids-clothing,meesho_scraped_20261009.csv
MEESHO_479407806,Baby Boy Printed Top & Bottom Set (Green-White),Kids Clothing,Boys Clothing,Unbranded,259,216,17,4.0,7608,In Stock,Hasti Cloth Store,https://images.meesho.com/images/products/479407806/b6op2_512.webp,https://www.meesho.com/baby-boy-dress-green-white-printed-1/p/7xfdfi,Printed hosiery cotton top and bottom set for baby boys. Colour: Green / White.,1,"0-1Y,1-2Y,2-3Y,3-4Y,4-5Y,5-6Y,6-7Y",Hosiery Cotton,True,7 days,Varies by pincode,2026-10-09T19:32:20,category/kids-clothing,meesho_scraped_20261009.csv
MEESHO_394441576,Girls Palazzo & Dress Set (Pack of 1),Kids Clothing,Girls Clothing,Unbranded,195,184,6,4.1,4184,In Stock,AB FASHION GIRLS WEAR,https://images.meesho.com/images/products/394441576/8duih_512.webp,https://www.meesho.com/girls-plazo-dresses-pack-of-1/p/6iu92g,Cotton-blend kurta top with palazzo for girls. Colour: Pink / White.,1,"1-2Y,2-3Y,3-4Y,4-5Y,5-6Y,6-7Y,7-8Y,8-9Y,9-10Y,10-11Y,11-12Y,12-13Y,13-14Y,14-15Y",Cotton Blend,True,7 days,Varies by pincode,2026-10-09T19:32:40,category/kids-clothing,meesho_scraped_20261009.csv
MEESHO_490059106,Kids Printed Mirror Work Lehenga & Blouse with Dupatta,Kids Clothing,Girls Clothing,Unbranded,386,367,5,4.2,8443,In Stock,astha creation,https://images.meesho.com/images/products/490059106/k2ujc_512.webp,https://www.meesho.com/kids-printed-mirror-work-lehenga-blouse-with-dupatta/p/83ro0y,Printed mirror-work lehenga choli with net dupatta for girls. Colour: Multicolor.,1,"0-1Y,1-2Y,2-3Y,3-4Y,4-5Y,5-6Y,6-7Y,7-8Y,8-9Y,9-10Y,10-11Y,11-12Y,12-13Y,13-14Y,14-15Y,15-16Y",Art Silk / Polyester / Net,True,7 days,Varies by pincode,2026-10-09T19:33:00,category/kids-clothing,meesho_scraped_20261009.csv
MEESHO_443187772,Fancy Boys Top & Bottom Set,Kids Clothing,Boys Clothing,Unbranded,210,158,25,4.0,26323,In Stock,New Akshar Power,https://images.meesho.com/images/products/443187772/gtjgk_512.webp,https://www.meesho.com/fancy-boys-top-bottom-sets/p/7bv1vg,Cotton spandex top and bottom set for boys. Colour: Green.,1,"0-3M,0-6M,6-9M,9-12M,12-18M,18-24M,1-2Y,3-4Y,4-5Y",Cotton Spandex,True,7 days,Varies by pincode,2026-10-09T19:33:20,category/kids-clothing,meesho_scraped_20261009.csv
MEESHO_535833908,Baby Girls Princess Puff Sleeve Floral Dress with Matching Bag (2 pcs),Kids Clothing,Baby Clothing,Unbranded,210,186,11,4.1,2608,In Stock,MISHTI PORI FASHION,https://images.meesho.com/images/products/535833908/znsvi_512.webp,https://www.meesho.com/2pcsset-baby-girls-princess-style-square-collar-puff-sleeve-floral-geometric-print-splicing-dress-with-invisible-zipper-for-matching-bag-comfortable-and-fashionable-for-springsummerautumn/p/8v0s38,"Baby Girls Princess Puff Sleeve Floral Dress with Matching Bag (2 pcs). Material: Rayon. Size: 0-3M,3-6M,6-9M,9-12M,12-18M,18-24M,2-3Y,3-4Y. Colour: Red.",1,"0-3M,3-6M,6-9M,9-12M,12-18M,18-24M,2-3Y,3-4Y",Rayon,True,7 days,Varies by pincode,2026-10-09T19:33:40,category/kids-clothing,meesho_scraped_20261009.csv
MEESHO_277149895,Baby Girls Heart Print Fit-and-Flare Frock with Bow,Kids Clothing,Girls Clothing,Unbranded,142,122,14,3.7,3451,In Stock,MINNAT FASHION,https://images.meesho.com/images/products/277149895/ng2ki_512.webp,https://www.meesho.com/baby-girls-white-red-heart-print-fit-and-flare-dress-with-bow-cute-valentine-party-frock/p/4l0a87,"Baby Girls Heart Print Fit-and-Flare Frock with Bow. Material: Cotton. Size: 2-3Y,3-4Y. Colour: White.",1,"2-3Y,3-4Y",Cotton,True,7 days,Varies by pincode,2026-10-09T19:34:00,category/kids-clothing,meesho_scraped_20261009.csv
MEESHO_341406424,Kids Clothing Set - 3 T-Shirts and 3 Shorts,Kids Clothing,Boys Clothing,Unbranded,175,167,5,4.3,4162,In Stock,Ayaansh International,https://images.meesho.com/images/products/341406424/z3nru_512.webp,https://www.meesho.com/girls-and-boys-kids-clothing-sets-pack-of-3-t-shirts-and-3-shorts-sets/p/5n9ivs,"Kids Clothing Set - 3 T-Shirts and 3 Shorts. Material: Cotton. Size: 0-6M,6-12M,1-2Y,2-3Y,3-4Y,4-5Y. Colour: Multicolor.",1,"0-6M,6-12M,1-2Y,2-3Y,3-4Y,4-5Y",Cotton,True,7 days,Varies by pincode,2026-10-09T19:34:20,category/kids-clothing,meesho_scraped_20261009.csv
MEESHO_344419868,Baby Boys Sweater Set (Kids Wear Clothes),Kids Clothing,Baby Clothing,Unbranded,156,156,0,4.0,1812,In Stock,Newcart,https://images.meesho.com/images/products/344419868/tib0x_512.webp,https://www.meesho.com/kids-wear-clothes/p/5p242k,"Baby Boys Sweater Set (Kids Wear Clothes). Material: Cotton Blend. Size: 0-3M,0-6M,3-6M,6-9M,6-12M,9-12M,0-1Y. Colour: Black.",1,"0-3M,0-6M,3-6M,6-9M,6-12M,9-12M,0-1Y",Cotton Blend,True,7 days,Varies by pincode,2026-10-09T19:34:40,category/kids-clothing,meesho_scraped_20261009.csv
MEESHO_225467262,Cotton Baby Bodysuit Half Romper (Pack of 3),Kids Clothing,Baby Clothing,Unbranded,289,276,4,4.4,4092,In Stock,Appu Trading,https://images.meesho.com/images/products/225467262/ohypu_512.webp,https://www.meesho.com/100-cotton-baby-bodysuit-short-sleeve-half-romper-pack-of-3-soft-comfortable-for-kids/p/3q8jni,"Cotton Baby Bodysuit Half Romper (Pack of 3). Material: Cotton. Size: 0-3M,3-6M,6-9M,9-12M,12-18M. Colour: White.",1,"0-3M,3-6M,6-9M,9-12M,12-18M",Cotton,True,7 days,Varies by pincode,2026-10-09T19:35:00,category/kids-clothing,meesho_scraped_20261009.csv
MEESHO_459136036,Baby Thermal Outfit (Pack of 2),Kids Clothing,Baby Clothing,Unbranded,197,185,6,4.1,557,In Stock,avni hosiery,https://images.meesho.com/images/products/459136036/bko2q_512.webp,https://www.meesho.com/best-quality-thermal-outfit-for-your-little-ones-pack-of-2/p/7lcvms,"Baby Thermal Outfit (Pack of 2). Material: Wool. Size: 18-24M,1-2Y. Colour: Grey.",1,"18-24M,1-2Y",Wool,True,7 days,Varies by pincode,2026-10-09T19:35:20,category/kids-clothing,meesho_scraped_20261009.csv
MEESHO_43525016,Super Clothing Warm Thermal Lower for Babies (Pack of 6),Kids Clothing,Baby Clothing,Super Clothing,182,182,0,4.0,111,In Stock,SanjayHosiery,https://images.meesho.com/images/products/43525016/jiog3_512.webp,https://www.meesho.com/super-clothing-warm-thermal-lower-for-baby-boysbaby-girls-boysgirls-pack-of-6/p/pww48,"Super Clothing Warm Thermal Lower for Babies (Pack of 6). Brand: Super Clothing. Material: Wool. Size: 0-3M,3-6M,6-9M,9-12M,12-18M,18-24M,2-3Y,3-4Y. Colour: Multicolor.",1,"0-3M,3-6M,6-9M,9-12M,12-18M,18-24M,2-3Y,3-4Y",Wool,True,7 days,Varies by pincode,2026-10-09T19:35:40,category/kids-clothing,meesho_scraped_20261009.csv
MEESHO_370917364,Platinum Wool Thermal Set for Kids (Pack of 2),Kids Clothing,Girls Clothing,Platinum,179,172,4,4.1,2644,In Stock,SHOKIN TRADERS,https://images.meesho.com/images/products/370917364/cty2g_512.webp,https://www.meesho.com/platinum-wool-thermal-set-pack-of-2/p/64u1o4,Platinum Wool Thermal Set for Kids (Pack of 2). Brand: Platinum. Material: Wool. Size: 0-3M to 15-16Y. Colour: Blue.,1,0-3M to 15-16Y,Wool,True,7 days,Varies by pincode,2026-10-09T19:36:00,category/kids-clothing,meesho_scraped_20261009.csv
MEESHO_474594099,Cutiepie Elegant Girls Rayon Slub Top & Bottom Set,Kids Clothing,Girls Clothing,Unbranded,250,209,16,4.2,20463,In Stock,VARNI ENTERPRISE,https://images.meesho.com/images/products/474594099/rnuf4_512.webp,https://www.meesho.com/cutiepie-elegant-girls-top-bottom-sets-this-product-is-made-in-100-rayon-slub-fabric/p/7uk75f,Cutiepie Elegant Girls Rayon Slub Top & Bottom Set. Material: Rayon. Size: 0-2M to 11-12Y. Colour: Green.,1,0-2M to 11-12Y,Rayon,True,7 days,Varies by pincode,2026-10-09T19:36:20,category/kids-clothing,meesho_scraped_20261009.csv
MEESHO_470957599,Stylish Girls Clothing Set (Pack of 1),Kids Clothing,Girls Clothing,Unbranded,192,184,4,4.1,371,In Stock,QUEEN DRESSES,https://images.meesho.com/images/products/470957599/xlwsj_512.webp,https://www.meesho.com/new-stylish-girls-clothing-set-pack-of-1/p/7se97j,"Stylish Girls Clothing Set (Pack of 1). Material: Acrylic / Cotton Polyester. Size: 1-2Y,12-13Y,13-14Y. Colour: White / Black.",1,"1-2Y,12-13Y,13-14Y",Acrylic / Cotton Polyester,True,7 days,Varies by pincode,2026-10-09T19:36:40,category/kids-clothing,meesho_scraped_20261009.csv
MEESHO_705950170,Cutiepie Elegant Girls Hosiery Top & Bottom Set,Kids Clothing,Girls Clothing,Unbranded,331,302,9,4.2,78,In Stock,KIDS.HAVEN,https://images.meesho.com/images/products/705950170/w9oc6_512.webp,https://www.meesho.com/cutiepie-elegant-girls-top-bottom-sets/p/boaymy,"Cutiepie Elegant Girls Hosiery Top & Bottom Set. Material: Hosiery Cotton. Size: 6-12M,12-18M,18-24M,1-2Y,2-3Y,3-4Y,4-5Y,5-6Y,6-7Y. Colour: White / Aqua Blue.",1,"6-12M,12-18M,18-24M,1-2Y,2-3Y,3-4Y,4-5Y,5-6Y,6-7Y",Hosiery Cotton,True,7 days,Varies by pincode,2026-10-09T19:37:00,category/kids-clothing,meesho_scraped_20261009.csv
MEESHO_354507008,Trendy Solid Top and Bottom Set for Girls,Kids Clothing,Girls Clothing,Unbranded,208,178,14,4.0,8554,In Stock,Simran Latest Fashion,https://images.meesho.com/images/products/354507008/1e0yx_512.webp,https://www.meesho.com/trendy-beautiful-solid-top-and-bottom/p/5v2bcw,Trendy Solid Top and Bottom Set for Girls. Material: Poly Crepe. Size: 0-3M to 15-16Y. Colour: Pink.,1,0-3M to 15-16Y,Poly Crepe,True,7 days,Varies by pincode,2026-10-09T19:37:20,category/kids-clothing,meesho_scraped_20261009.csv
MEESHO_433901016,Boys T-Shirt (Pack of 5),Kids Clothing,Boys Clothing,Unbranded,378,315,17,4.1,3553,In Stock,Black Baccara,https://images.meesho.com/images/products/433901016/ki63p_512.webp,https://www.meesho.com/boys-t-shirt-pack-of-5/p/76c060,"Boys T-Shirt (Pack of 5). Material: Cotton. Size: 12-18M,18-24M,1-2Y to 12-13Y. Colour: Yellow.",1,"12-18M,18-24M,1-2Y to 12-13Y",Cotton,True,7 days,Varies by pincode,2026-10-09T19:37:40,category/kids-clothing,meesho_scraped_20261009.csv
MEESHO_338139636,Girls Top with Pocket Palazzo Set,Kids Clothing,Girls Clothing,Unbranded,166,142,14,3.8,15363,In Stock,AYAT DRESSES,https://images.meesho.com/images/products/338139636/xelhb_512.webp,https://www.meesho.com/glamorous-beautiful-top-with-pocket-palazzo-for-kids/p/5lbi7o,"Girls Top with Pocket Palazzo Set. Material: Polyester. Size: 8-9Y,9-10Y,10-11Y,11-12Y,12-13Y,13-14Y,14-15Y,15-16Y. Colour: Purple.",1,"8-9Y,9-10Y,10-11Y,11-12Y,12-13Y,13-14Y,14-15Y,15-16Y",Polyester,True,7 days,Varies by pincode,2026-10-09T19:38:00,category/kids-clothing,meesho_scraped_20261009.csv
MEESHO_329535006,Kids T-Shirt,Kids Clothing,Boys Clothing,Unbranded,304,304,0,4.1,16210,In Stock,Not listed,https://images.meesho.com/images/products/329535006/j4hsl_512.webp,https://www.meesho.com/kids-tshirt-any-tshirt/p/5g72u6,"Kids T-Shirt. Material: Cotton Blend. Size: 1-2Y,3-4Y,5-6Y,7-8Y,9-10Y,11-12Y. Colour: Navy Blue.",1,"1-2Y,3-4Y,5-6Y,7-8Y,9-10Y,11-12Y",Cotton Blend,True,7 days,Varies by pincode,2026-10-09T19:38:20,category/kids-clothing,meesho_scraped_20261009.csv
MEESHO_459618574,Kids Clothing Combo Shirts,Kids Clothing,Boys Clothing,Unbranded,341,308,10,4.2,4753,In Stock,HANUMANT. IMPEX,https://images.meesho.com/images/products/459618574/dtxom_512.webp,https://www.meesho.com/kids-clothing-combo-shirts/p/7ln7ym,Kids Clothing Combo Shirts. Material: Polyester. Size: 0-2M to 15-16Y. Colour: White.,1,0-2M to 15-16Y,Polyester,True,7 days,Varies by pincode,2026-10-09T19:38:40,category/kids-clothing,meesho_scraped_20261009.csv
MEESHO_407493024,Kids Shirt (Pack of 1),Kids Clothing,Boys Clothing,Unbranded,275,224,19,4.1,861,In Stock,L&G,https://images.meesho.com/images/products/407493024/bjox2_512.webp,https://www.meesho.com/kids-shirt-pack-of-1-piece/p/6qlzmo,Kids Shirt (Pack of 1). Material: Cotton Blend. Size: 1-2Y to 12-13Y. Colour: Maroon.,1,1-2Y to 12-13Y,Cotton Blend,True,7 days,Varies by pincode,2026-10-09T19:39:00,category/kids-clothing,meesho_scraped_20261009.csv
MEESHO_528724496,Boys Polo Neck T-Shirt Combo,Kids Clothing,Boys Clothing,Unbranded,321,287,11,4.1,5265,In Stock,JMD COLLECTIONSS,https://images.meesho.com/images/products/528724496/9rkw8_512.webp,https://www.meesho.com/kids-polo-tshirt-kids-polo-tshirt-combo-boys-polo-neck-tshirt-polo-tshirt-for-kids-cotton-tshirt-for-kids-boys/p/8qsefk,"Boys Polo Neck T-Shirt Combo. Material: Polyester. Size: 5-6Y,6-7Y,8-9Y,9-10Y,10-11Y,11-12Y,12-13Y,13-14Y,14-15Y. Colour: Multicolor.",1,"5-6Y,6-7Y,8-9Y,9-10Y,10-11Y,11-12Y,12-13Y,13-14Y,14-15Y",Polyester,True,7 days,Varies by pincode,2026-10-09T19:39:20,category/kids-clothing,meesho_scraped_20261009.csv
MEESHO_337155728,"Pack of 10 Newborn Baby Dress Set, Printed Top and Bottom (0-3 Months)",Kids Clothing,Baby Clothing,SAI,319,304,5,4.2,3560,In Stock,Neppe's world,https://images.meesho.com/images/products/337155728/86kel_512.webp,https://www.meesho.com/sai-pack-of-10-newborn-baby-dress-set-newborn-baby-clothes-baby-boys-baby-girls-clothing-combo-printed-half-sleeve-sleeveless-top-bottom-set-infant-baby-wear-cotton-blend-newborn-dress-03-months-baby-clothing/p/5kqf0w,"Pack of 10 Newborn Baby Dress Set, Printed Top and Bottom (0-3 Months). Brand: SAI. Material: Cotton Blend. Size: 0-2 Months, 0-3 Months, 0-6 Months, 2-4 Months, 4-6 Months, 9-12 Months. Colour: Pink.",1,"0-2 Months, 0-3 Months, 0-6 Months, 2-4 Months, 4-6 Months, 9-12 Months",Cotton Blend,True,7 days,Varies by pincode,2026-10-09T19:39:40,category/kids-clothing,meesho_scraped_20261009.csv
MEESHO_624527535,Baby Winter Wool Set,Kids Clothing,Baby Clothing,Unbranded,173,173,0,4.3,125,In Stock,FINCH BIRD,https://images.meesho.com/images/products/624527535/rgljz_512.webp,https://www.meesho.com/winter-set/p/abtsj3,"Baby Winter Wool Set. Material: Wool. Size: 0-2 Months, 0-3 Months, 0-6 Months, 3-6 Months, 6-9 Months, 6-12 Months, 9-12 Months, 12-18 Months, 18-24 Months, 0-1 Years, 1-2 Years, 2-3 Years, 3-4 Years, 4-5 Years. Colour: Multicolor.",1,"0-2 Months, 0-3 Months, 0-6 Months, 3-6 Months, 6-9 Months, 6-12 Months, 9-12 Months, 12-18 Months, 18-24 Months, 0-1 Years, 1-2 Years, 2-3 Years, 3-4 Years, 4-5 Years",Wool,True,7 days,Varies by pincode,2026-10-09T19:40:00,category/kids-clothing,meesho_scraped_20261009.csv
MEESHO_374282708,Warm Thermal Lower Pajami for Baby Boys and Girls,Kids Clothing,Baby Clothing,Super Clothing,172,172,0,4.2,583,In Stock,SanjayHosiery,https://images.meesho.com/images/products/374282708/vgva4_512.webp,https://www.meesho.com/super-clothing-warm-thermal-lowerpajami-for-baby-boysbaby-girls-boysgirls/p/66u6dw,"Warm Thermal Lower Pajami for Baby Boys and Girls. Brand: Super Clothing. Material: Wool. Size: 0-6 Months, 1-2 Years, 2-3 Years, 3-4 Years. Colour: Multicolor.",1,"0-6 Months, 1-2 Years, 2-3 Years, 3-4 Years",Wool,True,7 days,Varies by pincode,2026-10-09T19:40:20,category/kids-clothing,meesho_scraped_20261009.csv
MEESHO_334376393,Kids Boys Black Jacket and Coat (Grey),Kids Clothing,Boys Clothing,Unbranded,348,348,0,4.1,1524,In Stock,World Wear,https://images.meesho.com/images/products/334376393/xmqpc_512.webp,https://www.meesho.com/kids-boy-black-blast-jacket-and-coat/p/5j2uh5,"Kids Boys Black Jacket and Coat (Grey). Material: Denim. Size: 12-18 Months, 18-24 Months, 1-2 Years, 2-3 Years, 3-4 Years, 4-5 Years, 5-6 Years, 6-7 Years, 7-8 Years. Colour: Grey.",1,"12-18 Months, 18-24 Months, 1-2 Years, 2-3 Years, 3-4 Years, 4-5 Years, 5-6 Years, 6-7 Years, 7-8 Years",Denim,True,7 days,Varies by pincode,2026-10-09T19:40:40,category/kids-clothing,meesho_scraped_20261009.csv
MEESHO_425007081,Baby Girls Bodysuit Onesies and Romper (Pink),Kids Clothing,Baby Clothing,Unbranded,219,194,11,4.4,3042,In Stock,Noor_Clothing,https://images.meesho.com/images/products/425007081/aevjt_512.webp,https://www.meesho.com/baby-girls-bodysuit-onesies-and-romper/p/711dk9,"Baby Girls Bodysuit Onesies and Romper (Pink). Material: Rayon. Size: 0-2 Months, 0-3 Months, 0-6 Months, 2-4 Months, 3-6 Months, 6-9 Months, 6-12 Months, 9-12 Months, 12-18 Months, 18-24 Months, 0-1 Years, 1-2 Years. Colour: Pink.",1,"0-2 Months, 0-3 Months, 0-6 Months, 2-4 Months, 3-6 Months, 6-9 Months, 6-12 Months, 9-12 Months, 12-18 Months, 18-24 Months, 0-1 Years, 1-2 Years",Rayon,True,7 days,Varies by pincode,2026-10-09T19:41:00,category/kids-clothing,meesho_scraped_20261009.csv
MEESHO_458757123,Innerwear Line Thermal Set of 2 for Kids (Navy Blue),Kids Clothing,Baby Clothing,Unbranded,230,230,0,4.2,1935,In Stock,MODWELO,https://images.meesho.com/images/products/458757123/ffrkf_512.webp,https://www.meesho.com/innerwear-line-thermal-set-of-2/p/7l4r9f,"Innerwear Line Thermal Set of 2 for Kids (Navy Blue). Material: Wool. Size: 0-3 Months, 0-6 Months, 3-6 Months, 6-9 Months, 6-12 Months, 9-12 Months, 12-18 Months, 18-24 Months, 0-1 Years, 1-2 Years, 2-3 Years, 3-4 Years. Colour: Navy Blue.",1,"0-3 Months, 0-6 Months, 3-6 Months, 6-9 Months, 6-12 Months, 9-12 Months, 12-18 Months, 18-24 Months, 0-1 Years, 1-2 Years, 2-3 Years, 3-4 Years",Wool,True,7 days,Varies by pincode,2026-10-09T19:41:20,category/kids-clothing,meesho_scraped_20261009.csv
MEESHO_464050091,Baby Hooded Zipper Sweater for Boys and Girls (Pink),Kids Clothing,Baby Clothing,Unbranded,286,244,15,4.1,2004,In Stock,SK APPARELS,https://images.meesho.com/images/products/464050091/r8hu5_512.webp,https://www.meesho.com/sweater-for-baby-boy-and-girl-in-pink-colour-with-stylish-design-zipper-and-hooded-neck-trending-sweater-this-sweater-is-comfortable-for-babies-soft-and-acrylic-wool-febric-western-wear-kids-winter-special-sweater/p/7oa7cb,"Baby Hooded Zipper Sweater for Boys and Girls (Pink). Material: Wool. Size: 0-3 Months, 0-6 Months, 3-6 Months, 6-9 Months, 6-12 Months, 9-12 Months, 12-18 Months, 18-24 Months, 0-1 Years, 1-2 Years. Colour: Pink.",1,"0-3 Months, 0-6 Months, 3-6 Months, 6-9 Months, 6-12 Months, 9-12 Months, 12-18 Months, 18-24 Months, 0-1 Years, 1-2 Years",Wool,True,7 days,Varies by pincode,2026-10-09T19:41:40,category/kids-clothing,meesho_scraped_20261009.csv
MEESHO_448975829,"Thermal Set Vest and Pajami for Kids, Pack of 3 (Blue)",Kids Clothing,Baby Clothing,Unbranded,270,242,10,4.2,577,In Stock,AdrashKnitting,https://images.meesho.com/images/products/448975829/pggs1_512.webp,https://www.meesho.com/thermal-set-aka-garam-baniyan-pajami-set-for-kidsgirlsboysbabies-pack-of-3/p/7fb3yt,"Thermal Set Vest and Pajami for Kids, Pack of 3 (Blue). Material: Wool. Size: 0-3 Months, 3-6 Months, 6-9 Months, 6-12 Months, 9-12 Months, 12-18 Months, 18-24 Months, 1-2 Years, 2-3 Years, 3-4 Years, 4-5 Years, 5-6 Years, 6-7 Years, 7-8 Years, 8-9 Years, 9-10 Years, 10-11 Years, 11-12 Years, 12-13 Years, 13-14 Years, 14-15 Years, 15-16 Years. Colour: Blue.",1,"0-3 Months, 3-6 Months, 6-9 Months, 6-12 Months, 9-12 Months, 12-18 Months, 18-24 Months, 1-2 Years, 2-3 Years, 3-4 Years, 4-5 Years, 5-6 Years, 6-7 Years, 7-8 Years, 8-9 Years, 9-10 Years, 10-11 Years, 11-12 Years, 12-13 Years, 13-14 Years, 14-15 Years, 15-16 Years",Wool,True,7 days,Varies by pincode,2026-10-09T19:42:00,category/kids-clothing,meesho_scraped_20261009.csv
MEESHO_296859789,Boys Top and Bottom Set (Maroon),Kids Clothing,Boys Clothing,Tinkle,302,288,5,3.8,6001,In Stock,AZY Fabrics,https://images.meesho.com/images/products/296859789/f2xgy_512.webp,https://www.meesho.com/tinkle-trendy-boys-top-bottom-sets/p/4wqqh9,"Boys Top and Bottom Set (Maroon). Brand: Tinkle. Material: Cotton Blend. Size: 0-2 Months, 1-2 Years, 2-3 Years to 15-16 Years. Colour: Maroon.",1,"0-2 Months, 1-2 Years, 2-3 Years to 15-16 Years",Cotton Blend,True,7 days,Varies by pincode,2026-10-09T19:42:20,category/kids-clothing,meesho_scraped_20261009.csv
MEESHO_532800709,Boys Full Sleeve T-Shirt and Pant Set (Green),Kids Clothing,Boys Clothing,Trendlia,277,251,9,4.0,9763,In Stock,BhuviFashion,https://images.meesho.com/images/products/532800709/1lcod_512.webp,https://www.meesho.com/trendlia-boys-full-sleeve-t-shirt-and-pant-set/p/8t7rnp,"Boys Full Sleeve T-Shirt and Pant Set (Green). Brand: Trendlia. Material: Cotton Blend. Size: 3-4 Years, 5-6 Years, 7-8 Years, 9-10 Years, 11-12 Years, 13-14 Years, 15-16 Years. Colour: Green.",1,"3-4 Years, 5-6 Years, 7-8 Years, 9-10 Years, 11-12 Years, 13-14 Years, 15-16 Years",Cotton Blend,True,7 days,Varies by pincode,2026-10-09T19:42:40,category/kids-clothing,meesho_scraped_20261009.csv
MEESHO_465967311,"Kids Boys T-Shirt and Pant Set (White Top, Blue Bottom)",Kids Clothing,Boys Clothing,Unbranded,216,193,11,3.9,4043,In Stock,DEVANSH_CREATION,https://images.meesho.com/images/products/465967311/dq2f8_512.webp,https://www.meesho.com/baby-boy-dresskids-boy-dressboy-dresschild-dresseskids-t-shirt-and-pantkids-boy-white-dres/p/7pfaof,"Kids Boys T-Shirt and Pant Set (White Top, Blue Bottom). Material: Polycotton. Size: 0-3 Months, 0-6 Months, 3-6 Months, 6-9 Months, 6-12 Months, 9-12 Months, 12-18 Months, 18-24 Months, 0-1 Years, 1-2 Years, 2-3 Years, 3-4 Years, 4-5 Years, 5-6 Years, 6-7 Years. Colour: Top Multicolor, Bottom Blue.",1,"0-3 Months, 0-6 Months, 3-6 Months, 6-9 Months, 6-12 Months, 9-12 Months, 12-18 Months, 18-24 Months, 0-1 Years, 1-2 Years, 2-3 Years, 3-4 Years, 4-5 Years, 5-6 Years, 6-7 Years",Polycotton,True,7 days,Varies by pincode,2026-10-09T19:43:00,category/kids-clothing,meesho_scraped_20261009.csv
MEESHO_457838457,"Girls Bow Top and Denim Jeans Set, Long Sleeve",Kids Clothing,Girls Clothing,Unbranded,236,216,8,4.2,2921,In Stock,NEW M LASKAR DRESSES,https://images.meesho.com/images/products/457838457/tyxj3_512.webp,https://www.meesho.com/stylish-kids-wear-top-and-denim-jeans-set-long-sleeve-bow-design-crepe-fabric-with-dyed-washed-denim-pants-for-girls-toddler-baby-girl/p/7kl2ex,"Girls Bow Top and Denim Jeans Set, Long Sleeve. Material: Cotton Blend Top, Denim Bottom. Size: 1-2 Years, 2-3 Years, 3-4 Years, 4-5 Years, 5-6 Years. Colour: Top Pink, Bottom Blue.",1,"1-2 Years, 2-3 Years, 3-4 Years, 4-5 Years, 5-6 Years","Cotton Blend Top, Denim Bottom",True,7 days,Varies by pincode,2026-10-09T19:43:20,category/kids-clothing,meesho_scraped_20261009.csv
MEESHO_409030724,Girls Party Wear Top and Pant Set,Kids Clothing,Girls Clothing,Unbranded,199,181,9,4.1,9362,In Stock,QUEEN_AFSANA,https://images.meesho.com/images/products/409030724/iewtd_512.webp,https://www.meesho.com/girls-top-pant-girls-party-wear-dress-top-pant-for-girls-girls-dress/p/6riy4k,"Girls Party Wear Top and Pant Set. Material: Cotton Top, Denim Bottom. Size: 0-2 Months, 2-3 Years, 3-4 Years, 4-5 Years, 5-6 Years, 6-7 Years, 7-8 Years, 8-9 Years, 9-10 Years. Colour: Top Black, Bottom Aqua Blue.",1,"0-2 Months, 2-3 Years, 3-4 Years, 4-5 Years, 5-6 Years, 6-7 Years, 7-8 Years, 8-9 Years, 9-10 Years","Cotton Top, Denim Bottom",True,7 days,Varies by pincode,2026-10-09T19:43:40,category/kids-clothing,meesho_scraped_20261009.csv
MEESHO_399870988,Summer Comfy Girls Top and Bottom Set (Blue),Kids Clothing,Girls Clothing,Unbranded,165,158,4,4.0,6506,In Stock,shanvistore,https://images.meesho.com/images/products/399870988/7cp7t_512.webp,https://www.meesho.com/summer-comfy-top-bottom-set-girls-clothing-set-pretty-fancy-girls-top-bottom-sets/p/6m2mfg,"Summer Comfy Girls Top and Bottom Set (Blue). Material: Nylon Top, Cotton Bottom. Size: 0-2 Months, 0-3 Months, 0-6 Months, 2-4 Months, 3-6 Months, 4-6 Months, 6-9 Months, 9-12 Months, 6-12 Months, 12-18 Months, 18-24 Months, 0-1 Years, 1-2 Years, 2-3 Years, 3-4 Years, 4-5 Years, 5-6 Years, 6-7 Years, 7-8 Years. Colour: Blue.",1,"0-2 Months, 0-3 Months, 0-6 Months, 2-4 Months, 3-6 Months, 4-6 Months, 6-9 Months, 9-12 Months, 6-12 Months, 12-18 Months, 18-24 Months, 0-1 Years, 1-2 Years, 2-3 Years, 3-4 Years, 4-5 Years, 5-6 Years, 6-7 Years, 7-8 Years","Nylon Top, Cotton Bottom",True,7 days,Varies by pincode,2026-10-09T19:44:00,category/kids-clothing,meesho_scraped_20261009.csv
MEESHO_481715532,Girls Festive Short Sleeve Frock and Dress with Bag (Blue),Kids Clothing,Girls Clothing,Unbranded,156,156,0,4.2,4877,In Stock,JN-ENTERPRISE,https://images.meesho.com/images/products/481715532/nkqaq_512.webp,https://www.meesho.com/girls-cute-fashionable-festive-stylish-short-sleeves-frock-dress-with-bag/p/7ysu30,"Girls Festive Short Sleeve Frock and Dress with Bag (Blue). Material: Cotton Blend. Size: 12-18 Months, 18-24 Months, 1-2 Years, 2-3 Years, 3-4 Years, 4-5 Years, 5-6 Years, 6-7 Years, 7-8 Years, 8-9 Years, 9-10 Years. Colour: Blue.",1,"12-18 Months, 18-24 Months, 1-2 Years, 2-3 Years, 3-4 Years, 4-5 Years, 5-6 Years, 6-7 Years, 7-8 Years, 8-9 Years, 9-10 Years",Cotton Blend,True,7 days,Varies by pincode,2026-10-09T19:44:20,category/kids-clothing,meesho_scraped_20261009.csv
MEESHO_480866761,Baby Boys and Girls Pink Dino T-Shirt and Shorts Set,Kids Clothing,Boys Clothing,Unbranded,154,140,9,3.9,768,In Stock,TASHIFA FASHOIN,https://images.meesho.com/images/products/480866761/zfn0b_512.webp,https://www.meesho.com/baby-boys-baby-girls-pink-dino-t-shirt-shorts/p/7yan61,"Baby Boys and Girls Pink Dino T-Shirt and Shorts Set. Material: Cotton. Size: 0-2 Months, 0-3 Months, 0-6 Months, 2-4 Months, 3-6 Months, 6-12 Months, 9-12 Months, 12-18 Months, 18-24 Months, 0-1 Years, 1-2 Years, 2-3 Years, 3-4 Years, 4-5 Years. Colour: Pink Top, Black Bottom.",1,"0-2 Months, 0-3 Months, 0-6 Months, 2-4 Months, 3-6 Months, 6-12 Months, 9-12 Months, 12-18 Months, 18-24 Months, 0-1 Years, 1-2 Years, 2-3 Years, 3-4 Years, 4-5 Years",Cotton,True,7 days,Varies by pincode,2026-10-09T19:44:40,category/kids-clothing,meesho_scraped_20261009.csv
MEESHO_432884984,"Baby Top and Bottom Balance Set (White Top, Brown Bottom)",Kids Clothing,Baby Clothing,Unbranded,186,178,4,4.2,2588,In Stock,S.A. NEUTON GARMENTS CO.,https://images.meesho.com/images/products/432884984/zfcbf_512.webp,https://www.meesho.com/balance-set/p/75q86w,"Baby Top and Bottom Balance Set (White Top, Brown Bottom). Material: Cotton. Size: 0-3 Months, 0-6 Months, 3-6 Months, 6-9 Months, 9-12 Months, 6-12 Months, 12-18 Months, 18-24 Months, 0-1 Years, 1-2 Years, 2-3 Years. Colour: Top White, Bottom Brown.",1,"0-3 Months, 0-6 Months, 3-6 Months, 6-9 Months, 9-12 Months, 6-12 Months, 12-18 Months, 18-24 Months, 0-1 Years, 1-2 Years, 2-3 Years",Cotton,True,7 days,Varies by pincode,2026-10-09T19:45:00,category/kids-clothing,meesho_scraped_20261009.csv
MEESHO_471719067,"Boys Top and Bottom Set, Hosiery Cotton (Aqua Blue)",Kids Clothing,Boys Clothing,Unbranded,348,300,14,4.1,2272,In Stock,BEST CHICE,https://images.meesho.com/images/products/471719067/fvd4e_512.webp,https://www.meesho.com/princess-elegant-boys-top-bottom-sets/p/7sukrf,"Boys Top and Bottom Set, Hosiery Cotton (Aqua Blue). Material: Hosiery Cotton. Size: 0-2 Months, 0-3 Months, 0-6 Months, 2-4 Months, 3-6 Months, 4-6 Months, 6-9 Months, 9-12 Months, 6-12 Months, 12-18 Months, 18-24 Months, 0-1 Years, 1-2 Years, 2-3 Years, 3-4 Years, 4-5 Years, 5-6 Years, 6-7 Years. Colour: Aqua Blue.",1,"0-2 Months, 0-3 Months, 0-6 Months, 2-4 Months, 3-6 Months, 4-6 Months, 6-9 Months, 9-12 Months, 6-12 Months, 12-18 Months, 18-24 Months, 0-1 Years, 1-2 Years, 2-3 Years, 3-4 Years, 4-5 Years, 5-6 Years, 6-7 Years",Hosiery Cotton,True,7 days,Varies by pincode,2026-10-09T19:45:20,category/kids-clothing,meesho_scraped_20261009.csv
MEESHO_495568257,Girls Pink Solid A-Line Belted Frock Dress with Purse,Kids Clothing,Girls Clothing,Unbranded,258,246,5,4.4,4532,In Stock,KISMAT'S COLLECTION,https://images.meesho.com/images/products/495568257/2meph_512.webp,https://www.meesho.com/girl-frock-dresses-pink-solid-a-line-silhouette-textured-fabric-belt-a-line-one-piece-a-line-dress-belted-waist-pull-on-sleeveless-polocollar-belted-curved-midi-unlined-girls-belt-purse/p/871qwx,"Girls Pink Solid A-Line Belted Frock Dress with Purse. Material: Cotton Blend. Size: 1-2 Years, 2-3 Years, 3-4 Years, 4-5 Years, 5-6 Years, 6-7 Years, 7-8 Years, 8-9 Years, 9-10 Years, 10-11 Years, 11-12 Years. Colour: Pink.",1,"1-2 Years, 2-3 Years, 3-4 Years, 4-5 Years, 5-6 Years, 6-7 Years, 7-8 Years, 8-9 Years, 9-10 Years, 10-11 Years, 11-12 Years",Cotton Blend,True,7 days,Varies by pincode,2026-10-09T19:45:40,category/kids-clothing,meesho_scraped_20261009.csv
MEESHO_541258087,Girls Festive Shoulder Strap Frock and Dress (Yellow),Kids Clothing,Girls Clothing,Unbranded,123,123,0,4.3,4905,In Stock,COLLECTION A.S,https://images.meesho.com/images/products/541258087/kwl87_512.webp,https://www.meesho.com/girls-cute-fashionable-festive-stylish-shoulder-straps-sleeves-frock-dress/p/8y91ev,"Girls Festive Shoulder Strap Frock and Dress (Yellow). Material: Cotton Blend. Size: 0-2 Months, 0-3 Months, 0-6 Months, 2-4 Months, 3-6 Months, 4-6 Months, 6-9 Months, 6-12 Months, 9-12 Months, 12-18 Months, 18-24 Months, 1-2 Years, 2-3 Years, 3-4 Years. Colour: Yellow.",1,"0-2 Months, 0-3 Months, 0-6 Months, 2-4 Months, 3-6 Months, 4-6 Months, 6-9 Months, 6-12 Months, 9-12 Months, 12-18 Months, 18-24 Months, 1-2 Years, 2-3 Years, 3-4 Years",Cotton Blend,True,7 days,Varies by pincode,2026-10-09T19:46:00,category/kids-clothing,meesho_scraped_20261009.csv
MEESHO_534034228,"Rose Gold Silk Baby Frock, Party Wear (Peach)",Kids Clothing,Girls Clothing,Unbranded,349,319,9,4.3,2414,In Stock,J.B FASHION,https://images.meesho.com/images/products/534034228/ve2tz_512.webp,https://www.meesho.com/trendy-rose-gold-silk-baby-frock-elegant-adorable-party-wear/p/8ty7g4,"Rose Gold Silk Baby Frock, Party Wear (Peach). Material: Silk Blend. Size: 0-3 Months, 0-6 Months, 3-6 Months, 6-9 Months, 6-12 Months, 9-12 Months, 12-18 Months, 18-24 Months, 0-1 Years, 1-2 Years, 2-3 Years, 3-4 Years, 4-5 Years. Colour: Peach.",1,"0-3 Months, 0-6 Months, 3-6 Months, 6-9 Months, 6-12 Months, 9-12 Months, 12-18 Months, 18-24 Months, 0-1 Years, 1-2 Years, 2-3 Years, 3-4 Years, 4-5 Years",Silk Blend,True,7 days,Varies by pincode,2026-10-09T19:46:20,category/kids-clothing,meesho_scraped_20261009.csv
MEESHO_455801866,Fancy Girls Frock,Kids Clothing,Girls Clothing,Unbranded,231,168,27,4.2,4314,In Stock,N AKRAM DRESSES,https://images.meesho.com/images/products/455801866/cfi8d_512.webp,https://www.meesho.com/new-look-fancy-girls-frock/p/7jdeyy,"Fancy Girls Frock. Material: Cotton. Size: 0-2 Months, 0-3 Months, 0-6 Months, 2-4 Months, 3-6 Months, 4-6 Months, 6-9 Months, 9-12 Months, 6-12 Months, 12-18 Months, 18-24 Months, 0-1 Years, 1-2 Years, 2-3 Years, 3-4 Years, 4-5 Years. Colour: Multicolor.",1,"0-2 Months, 0-3 Months, 0-6 Months, 2-4 Months, 3-6 Months, 4-6 Months, 6-9 Months, 9-12 Months, 6-12 Months, 12-18 Months, 18-24 Months, 0-1 Years, 1-2 Years, 2-3 Years, 3-4 Years, 4-5 Years",Cotton,True,7 days,Varies by pincode,2026-10-09T19:46:40,category/kids-clothing,meesho_scraped_20261009.csv
MEESHO_366893784,Boys Casual Shirt (Aqua Blue),Kids Clothing,Boys Clothing,Unbranded,249,213,14,4.1,5712,In Stock,TREASURE SHOP,https://images.meesho.com/images/products/366893784/sipaw_512.webp,https://www.meesho.com/cutiepie-stylus-boys-shirts/p/62ft20,"Boys Casual Shirt (Aqua Blue). Material: Cotton Blend. Size: 9-12 Months, 0-1 Years, 1-2 Years, 2-3 Years, 3-4 Years, 4-5 Years, 5-6 Years, 6-7 Years, 7-8 Years, 8-9 Years, 9-10 Years, 10-11 Years, 11-12 Years, 12-13 Years, 13-14 Years. Colour: Aqua Blue.",1,"9-12 Months, 0-1 Years, 1-2 Years, 2-3 Years, 3-4 Years, 4-5 Years, 5-6 Years, 6-7 Years, 7-8 Years, 8-9 Years, 9-10 Years, 10-11 Years, 11-12 Years, 12-13 Years, 13-14 Years",Cotton Blend,True,7 days,Varies by pincode,2026-10-09T19:47:00,category/kids-clothing,meesho_scraped_20261009.csv
MEESHO_341859294,"Crystal LED Disco Ball Lamp, Colour Changing (Pack of 1)",Home & Kitchen,Home Decor,Unbranded,169,161,5,4.0,6663,In Stock,UNICORN GLOW STORE,https://images.meesho.com/images/products/341859294/vvbdv_512.webp,https://www.meesho.com/golden-led-light-jumbo-color-changing-crystal-led-lamp-amazing-lighting-effect-and-long-life-working-hours-perfect-for-homefestival-decoration-great-finish-dual-disco-led-light-ball-pack-of-1/p/5nj8bi,Colour-changing crystal LED lamp for home and festival decoration. Colour: Multicolour.,1,Free Size,Plastic,True,7 days,Varies by pincode,2026-10-09T19:47:20,category/home-&-kitchen,meesho_scraped_20261009.csv
MEESHO_261514039,Graceful Collapsible Shoe Rack,Home & Kitchen,Storage,Unbranded,310,310,0,3.9,8573,In Stock,skstore479,https://images.meesho.com/images/products/261514039/oqy9g_512.webp,https://www.meesho.com/graceful-collapsible-shoe-racks/p/4bp5iv,Collapsible multi-tier shoe rack. Colour: Maroon.,1,Free Size,Metal,True,7 days,Varies by pincode,2026-10-09T19:47:40,category/home-&-kitchen,meesho_scraped_20261009.csv
MEESHO_546786945,Sunrises Self Adhesive Waterproof 3D Wallpaper (Pack of 3),Home & Kitchen,Home Decor,Sunrises,139,136,2,4.0,9071,In Stock,M/S SUNRISE WALLPAPER,https://images.meesho.com/images/products/546786945/6giw9_512.webp,https://www.meesho.com/sunrises-wallpaper-self-adhesive-wallpaper-waterproof-wall-sticker-roll-for-home-office-kitchen-cabinet-hotel-restaurant-self-adhesive-sticker-3-d-pack-of-3/p/91jji9,"Self-adhesive waterproof vinyl wallpaper roll for walls, cabinets and furniture. Colour: Blue.",1,Free Size,Vinyl,True,7 days,Varies by pincode,2026-10-09T19:48:00,category/home-&-kitchen,meesho_scraped_20261009.csv
MEESHO_439138175,Bhumi 12 m Warm White 42-LED String Light,Home & Kitchen,Home Decor,Bhumi,129,129,0,4.2,5265,In Stock,BHUMI,https://images.meesho.com/images/products/439138175/3bfbt_512.webp,https://www.meesho.com/bhumi-warm-white-12-meter-decorative-42-warm-white-led-string-light-plug-for-indoor-outdoor-decorationsstring-lights-for-diy-party-home-decor-christmas-diwali-1/p/79g96n,Plug-in warm white LED string light for indoor and outdoor decoration. Colour: Yellow.,1,12 m,Copper,True,7 days,Varies by pincode,2026-10-09T19:48:20,category/home-&-kitchen,meesho_scraped_20261009.csv
MEESHO_519449565,Big Storage Bag (Clothes Cover),Home & Kitchen,Storage,Unbranded,148,141,5,4.0,7592,In Stock,JF kinna,https://images.meesho.com/images/products/519449565/qbmfz_512.webp,https://www.meesho.com/big-storage-bag/p/8l9lul,Large non-woven storage bag for clothes and bedding. Colour: Navy Blue.,1,Free Size,Non-woven,True,7 days,Varies by pincode,2026-10-09T19:48:40,category/home-&-kitchen,meesho_scraped_20261009.csv
MEESHO_429941773,Jaipuri Cotton Double Bedsheet with 2 Pillow Covers,Home & Kitchen,Bedding,Unbranded,334,334,0,4.1,20790,In Stock,CF Cotton,https://images.meesho.com/images/products/429941773/2ntxo_512.webp,https://www.meesho.com/jaipuri-cotton-double-bedsheet-with-2-pillow-cover/p/73z571,Jaipuri Cotton Double Bedsheet with 2 Pillow Covers. Material: Cotton. Size: Double. Colour: Grey.,1,Double,Cotton,True,7 days,Varies by pincode,2026-10-09T19:49:00,category/home-&-kitchen,meesho_scraped_20261009.csv
MEESHO_547072545,Teyja Queen Size Double Bedsheet Set with Frilly Pillow Covers & Cushions,Home & Kitchen,Bedding,Teyja Collections,435,432,1,4.2,15062,In Stock,24KCLOTHING,https://images.meesho.com/images/products/547072545/t9nji_512.webp,https://www.meesho.com/teyja-collections-queen-size-double-bedsheet-set-with-2-frilly-pillow-covers-2-frilled-cushions-elegant-frill-design/p/91pnvl,Teyja Queen Size Double Bedsheet Set with Frilly Pillow Covers & Cushions. Brand: Teyja Collections. Material: Glace Cotton. Size: Double Queen (100 x 90 in). Colour: Cream.,1,Double Queen (100 x 90 in),Glace Cotton,True,7 days,Varies by pincode,2026-10-09T19:49:20,category/home-&-kitchen,meesho_scraped_20261009.csv
MEESHO_455102738,Rajasthani Jaipuri Cotton Double Bedsheet with 2 Pillow Covers (Green),Home & Kitchen,Bedding,Unbranded,339,339,0,4.2,1198,In Stock,PA Prints,https://images.meesho.com/images/products/455102738/kg8ys_512.webp,https://www.meesho.com/rajasthani-100-jaipuri-cotton-double-bedsheet-with-2-pillow-cover/p/7iyfiq,Rajasthani Jaipuri Cotton Double Bedsheet with 2 Pillow Covers (Green). Material: Cotton. Size: Double King. Colour: Green.,1,Double King,Cotton,True,7 days,Varies by pincode,2026-10-09T19:49:40,category/home-&-kitchen,meesho_scraped_20261009.csv
MEESHO_451268681,Rajasthani Jaipuri Cotton Double Bedsheet with 2 Pillow Covers (Pink),Home & Kitchen,Bedding,Unbranded,339,339,0,4.0,7643,In Stock,PA Prints,https://images.meesho.com/images/products/451268681/nemre_512.webp,https://www.meesho.com/rajasthani-100-jaipuri-cotton-double-bedsheet-with-2-pillow-cover/p/7go955,Rajasthani Jaipuri Cotton Double Bedsheet with 2 Pillow Covers (Pink). Material: Cotton. Size: Double Queen. Colour: Pink.,1,Double Queen,Cotton,True,7 days,Varies by pincode,2026-10-09T19:50:00,category/home-&-kitchen,meesho_scraped_20261009.csv
MEESHO_475637729,Elastic Fitted Glace Cotton Double Bedsheet with 2 Pillow Covers,Home & Kitchen,Bedding,Unbranded,336,310,8,4.0,8962,In Stock,Falcon_Fateh,https://images.meesho.com/images/products/475637729/reof6_512.webp,https://www.meesho.com/elastic-fitted-glace-cotton-bedsheets-for-double-bed-with-2-pillow-covers/p/7v6kf5,Elastic Fitted Glace Cotton Double Bedsheet with 2 Pillow Covers. Material: Cotton. Size: Double Queen. Colour: Multicolor.,1,Double Queen,Cotton,True,7 days,Varies by pincode,2026-10-09T19:50:20,category/home-&-kitchen,meesho_scraped_20261009.csv
MEESHO_160964729,CottonDreamz Premium Glace Cotton Double Bedsheet Set,Home & Kitchen,Bedding,CottonDreamz,247,235,5,3.8,4591,In Stock,RADHEYFABRICS,https://images.meesho.com/images/products/160964729/mutbx_512.webp,https://www.meesho.com/cottondreamz-premium-glace-cotton-double-bed-bedsheet-set/p/2nu16h,CottonDreamz Premium Glace Cotton Double Bedsheet Set. Brand: CottonDreamz. Material: Glace Cotton. Size: Double Queen. Colour: Brown.,1,Double Queen,Glace Cotton,True,7 days,Varies by pincode,2026-10-09T19:50:40,category/home-&-kitchen,meesho_scraped_20261009.csv
MEESHO_417039130,Food Storage Container with Drain Plate & Lid (Pack of 4),Home & Kitchen,Storage,Madheshwar Enterprise,199,199,0,3.8,5227,In Stock,Madheshwar Enterprise,https://images.meesho.com/images/products/417039130/antby_512.webp,https://www.meesho.com/madheshwar-enterprise-pack-of-4-food-storage-container-with-removable-drain-plate-and-lid-fridge-storage-box-stackable-plastic/p/6walga,Food Storage Container with Drain Plate & Lid (Pack of 4). Brand: Madheshwar Enterprise. Material: Plastic. Colour: White.,1,Free Size,Plastic,True,7 days,Varies by pincode,2026-10-09T19:51:00,category/home-&-kitchen,meesho_scraped_20261009.csv
MEESHO_544173060,360 Degree Rotating 7-Compartment Masala Box with Spoon,Home & Kitchen,Storage,Unbranded,172,172,0,4.3,16431,In Stock,BANSI_KITCHENWARE,https://images.meesho.com/images/products/544173060/jifat_512.webp,https://www.meesho.com/360-rotating-masala-box-for-kitchen-7-compartment-plastic-spice-box-with-spoon-airtight-masala-dabba-spice-container-with-transparent-lid-kitchen-spice-organizer/p/8zzimc,360 Degree Rotating 7-Compartment Masala Box with Spoon. Material: Plastic. Colour: Green.,1,Free Size,Plastic,True,7 days,Varies by pincode,2026-10-09T19:51:20,category/home-&-kitchen,meesho_scraped_20261009.csv
MEESHO_541587207,1000 ml Motivational Time Marker Water Bottle,Home & Kitchen,Storage,Unbranded,144,144,0,4.1,9984,In Stock,KJD PRODUCT,https://images.meesho.com/images/products/541587207/dfcsr_512.webp,https://www.meesho.com/water-bottle-1000-ml-motivational-time-marker-leakproof-durable-bpa-free-non-toxic-sipper-water-bottle-for-office-gym-school-time-maker-water-bottle/p/8yg3d3,1000 ml Motivational Time Marker Water Bottle. Material: Silicone. Size: 1000 ml. Colour: Multicolor.,1,1000 ml,Silicone,True,7 days,Varies by pincode,2026-10-09T19:51:40,category/home-&-kitchen,meesho_scraped_20261009.csv
MEESHO_466485499,3-Layer Onion Potato Vegetable Storage Trolley (DIY),Home & Kitchen,Storage,Unbranded,130,130,0,4.0,2222,In Stock,A.S.ENTERPRISESAIRS,https://images.meesho.com/images/products/466485499/yvcif_512.webp,https://www.meesho.com/1-pc-3-layer-trolley-onion-potato-stand-for-kitchen-fruit-vegetable-storage-trolley-plastic-kitchen-trolley-diydo-it-yourself/p/7pqeij,3-Layer Onion Potato Vegetable Storage Trolley (DIY). Material: Plastic. Colour: Red.,1,Free Size,Plastic,True,7 days,Varies by pincode,2026-10-09T19:52:00,category/home-&-kitchen,meesho_scraped_20261009.csv
MEESHO_192855005,Thermomate Digital Kitchen Weighing Scale 10 kg with Backlit LCD,Home & Kitchen,Kitchen Appliances,Thermomate,244,244,0,4.1,16607,In Stock,Thermoplastindustries,https://images.meesho.com/images/products/192855005/edxom_512.webp,https://www.meesho.com/thermomate-digital-kitchen-weighing-machine-multipurpose-electronic-weight-scale-with-backlit-lcd-display-for-measuring-food-cake-vegetable-fruit-10kg-white/p/36tjvh,Thermomate Digital Kitchen Weighing Scale 10 kg with Backlit LCD. Brand: Thermomate. Size: 10 kg capacity. Colour: White.,1,10 kg capacity,Not specified,True,7 days,Varies by pincode,2026-10-09T19:52:20,category/home-&-kitchen,meesho_scraped_20261009.csv
MEESHO_527716065,Kaival 950 ml Manual Kitchen Chopper with 5 Blades,Home & Kitchen,Kitchen Appliances,Kaival,135,135,0,4.0,3101,In Stock,KIANTRADELINK,https://images.meesho.com/images/products/527716065/erpia_512.webp,https://www.meesho.com/kaival-plastic-950ml-kitchen-chopper-with-5-blades-and-1-plastic-whisker-multipurpose-manual-chopper-vegetable-fruit-cutter-chopper-green-colour-premium-quality-product/p/8q6sbl,"Kaival 950 ml Manual Kitchen Chopper with 5 Blades. Brand: Kaival. Material: Plastic, Stainless Steel blades. Size: 950 ml. Colour: Green.",1,950 ml,"Plastic, Stainless Steel blades",True,7 days,Varies by pincode,2026-10-09T19:52:40,category/home-&-kitchen,meesho_scraped_20261009.csv
MEESHO_510815207,DS Sales Vegetable & Fruit Mini Hand Chopper,Home & Kitchen,Kitchen Appliances,DS Sales,124,124,0,4.0,1138,In Stock,DS SALES,https://images.meesho.com/images/products/510815207/vtjxs_512.webp,https://www.meesho.com/ds-sales-vegetable-fruit-chopper-chopper-vegetable-chopper-hand-mixer-for-kitchen-mini-chopper-dryfruit-cutter-garlic-chopper-chilly-cutter-kitchen-hand-mixer/p/8g4jjb,"DS Sales Vegetable & Fruit Mini Hand Chopper. Brand: DS Sales. Material: Plastic, Stainless Steel blade. Colour: Blue.",1,Free Size,"Plastic, Stainless Steel blade",True,7 days,Varies by pincode,2026-10-09T19:53:00,category/home-&-kitchen,meesho_scraped_20261009.csv
MEESHO_93656733,Digital Kitchen Scale 10 kg x 1 g,Home & Kitchen,Kitchen Appliances,Unbranded,325,325,0,4.0,723,In Stock,RUCHIKA TRADE SUP,https://images.meesho.com/images/products/93656733/u30uq_512.webp,https://www.meesho.com/digital-10kg-x-1g-kitchen-scale-balance-multi-purpose-weight-measuring-machine-weighing-scale-wight/p/1jrdzx,Digital Kitchen Scale 10 kg x 1 g. Size: 10 kg capacity. Colour: White.,1,10 kg capacity,Not specified,True,7 days,Varies by pincode,2026-10-09T19:53:20,category/home-&-kitchen,meesho_scraped_20261009.csv
MEESHO_399999901,urbanWipe Kitchen Cleaner,Home & Kitchen,Cleaning,urbanWipe,221,187,15,4.1,26937,In Stock,urbanWipe Cleaners,https://images.meesho.com/images/products/399999901/60mhr_512.webp,https://www.meesho.com/urbanwipe-kitchen-cleaner/p/6m5dwd,urbanWipe Kitchen Cleaner. Brand: urbanWipe. Colour: Multicolor.,1,Free Size,Not specified,True,7 days,Varies by pincode,2026-10-09T19:53:40,category/home-&-kitchen,meesho_scraped_20261009.csv
MEESHO_470049533,Reusable Laundry Washer Balls (12 pcs),Home & Kitchen,Cleaning,Unbranded,75,75,0,3.8,7904,In Stock,Golden Enterprisee,https://images.meesho.com/images/products/470049533/xo29g_512.webp,https://www.meesho.com/12-pieces-washer-balls-reusables-tangle-free-eco-friendly-laundry-scrubbing-balls-solid-colorful-laundry-washing-balls-enhance-your-machine-cleaning-powers/p/7rusjh,Reusable Laundry Washer Balls (12 pcs). Material: Silicone. Colour: Multicolor.,1,Free Size,Silicone,True,7 days,Varies by pincode,2026-10-09T19:54:00,category/home-&-kitchen,meesho_scraped_20261009.csv
MEESHO_355085816,Portable Multifunctional Window Cleaning Brush (Big),Home & Kitchen,Cleaning,Unbranded,166,151,9,4.0,2993,In Stock,GREVITY - M,https://images.meesho.com/images/products/355085816/kdjr7_512.webp,https://www.meesho.com/easy-to-use-portable-multifunctional-window-cleaning-brush-glass-cleaning-brush-window-cleaning-tool-big-size/p/5vepyw,Portable Multifunctional Window Cleaning Brush (Big). Material: Fabric. Colour: Multicolor.,1,Free Size,Fabric,True,7 days,Varies by pincode,2026-10-09T19:54:20,category/home-&-kitchen,meesho_scraped_20261009.csv
MEESHO_520092813,Pure Cotton 300TC Elastic Fitted Bedsheet with 1 Pillow Cover,Home & Kitchen,Bedding,Unbranded,322,322,0,4.2,11926,In Stock,Shreee Shyam Textile,https://images.meesho.com/images/products/520092813/vxg36_512.webp,https://www.meesho.com/ss-premium-pure-cotton-300tc-elastic-fitted-bedsheet-with-one-pillow-cover/p/8lne6l,"Pure Cotton 300TC Elastic Fitted Bedsheet with 1 Pillow Cover. Material: Cotton. Size: Crib, Single, Double, Queen, King. Colour: Multicolor.",1,"Crib, Single, Double, Queen, King",Cotton,True,7 days,Varies by pincode,2026-10-09T19:54:40,category/home-&-kitchen,meesho_scraped_20261009.csv
MEESHO_503127933,Designer Reversible Comforter for Double Bed 90x90,Home & Kitchen,Bedding,Unbranded,555,555,0,4.2,7224,In Stock,Shreee Shyam Textile,https://images.meesho.com/images/products/503127933/80a5x_512.webp,https://www.meesho.com/ss-premium-designer-reversible-comforter-for-double-bed-90x90/p/8bjrzx,"Designer Reversible Comforter for Double Bed 90x90. Material: Cotton. Size: Crib, Single, Double, Queen, King. Colour: Pink.",1,"Crib, Single, Double, Queen, King",Cotton,True,7 days,Varies by pincode,2026-10-09T19:55:00,category/home-&-kitchen,meesho_scraped_20261009.csv
MEESHO_510129029,Double Bed Comforter Set,Home & Kitchen,Bedding,Unbranded,387,364,6,4.2,3195,In Stock,SHOPPINGUNLIMITED,https://images.meesho.com/images/products/510129029/qr0mr_512.webp,https://www.meesho.com/shopping-unlimited-super-quilty-double-bed-comfertor-set/p/8fpu2t,Double Bed Comforter Set. Material: Cotton. Size: Double. Colour: Multi.,1,Double,Cotton,True,7 days,Varies by pincode,2026-10-09T19:55:20,category/home-&-kitchen,meesho_scraped_20261009.csv
MEESHO_453423172,OM OVERSEAS Superfine Reversible Comforter for Double Bed 90 x 90 inches,Home & Kitchen,Bedding,OM OVERSEAS,400,384,4,4.3,3750,In Stock,OM OVERSEAS,https://images.meesho.com/images/products/453423172/aay4g_512.webp,https://www.meesho.com/om-overseas-superfine-reversible-comforter-for-double-bed-90-x-90-inches-with-nice-bag-packing/p/7hyfk4,OM OVERSEAS Superfine Reversible Comforter for Double Bed 90 x 90 inches. Brand: OM OVERSEAS. Material: Cotton (Glace Cotton). Size: Free Size (90 x 90 in). Colour: White.,1,Free Size (90 x 90 in),Cotton (Glace Cotton),True,7 days,Varies by pincode,2026-10-09T19:55:40,category/home-&-kitchen,meesho_scraped_20261009.csv
MEESHO_270717107,"Black and White Polo Striped Fleece Blanket, Warm and Soft",Home & Kitchen,Bedding,Shivaan Home Furnishing,151,151,0,4.1,1361,In Stock,Shivaan Home Furnishing,https://images.meesho.com/images/products/270717107/icjkh_512.webp,https://www.meesho.com/black-and-white-polo-stripped-fleece-blankets-warm-and-soft-by-shivaan-home-furnishing/p/4h6enn,"Black and White Polo Striped Fleece Blanket, Warm and Soft. Brand: Shivaan Home Furnishing. Material: Fleece / Super Soft Fleece. Size: Free Size (Length 90 in, Width 60 in). Colour: Black and White Striped.",1,"Free Size (Length 90 in, Width 60 in)",Fleece / Super Soft Fleece,True,7 days,Varies by pincode,2026-10-09T19:56:00,category/home-&-kitchen,meesho_scraped_20261009.csv
MEESHO_476389128,Oxyfine Brass and Copper Metal Cleaner Liquid 200ml,Home & Kitchen,Cleaning,Oxyfine,83,80,4,4.0,2172,In Stock,SHUBHPRADA ENTERPRISE,https://images.meesho.com/images/products/476389128/zhxo2_512.webp,https://www.meesho.com/oxyfine-brass-and-copper-metal-cleaner-liquidpowerful-formula-for-chrome-copper-brass-bronze-nickel-and-stainless-steel-all-metal-cleaning-liquid-polish-200ml/p/7vmo7c,Oxyfine Brass and Copper Metal Cleaner Liquid 200ml. Brand: Oxyfine. Colour: White.,1,Free Size,Not specified,True,7 days,Varies by pincode,2026-10-09T19:56:20,category/home-&-kitchen,meesho_scraped_20261009.csv
MEESHO_415454642,FIOLA 24 Inch L-Shaped Stainless Steel Water Can Cleaning Brush,Home & Kitchen,Cleaning,FIOLA,138,132,4,4.0,6003,In Stock,FIOLA,https://images.meesho.com/images/products/415454642/jkrle_512.webp,https://www.meesho.com/fiola-20-litre-water-can-cleaning-brush-24-inch-long-l-shaped-stainless-steel-bottle-cleaner-brush-for-3-5-gallon-water-jugs-large-bottles-containers-long-handle-deep-cleaning-brush/p/6vcmuq,FIOLA 24 Inch L-Shaped Stainless Steel Water Can Cleaning Brush. Brand: FIOLA. Material: Stainless Steel. Colour: White.,1,Free Size,Stainless Steel,True,7 days,Varies by pincode,2026-10-09T19:56:40,category/home-&-kitchen,meesho_scraped_20261009.csv
MEESHO_439332312,Silicone Bottle and Glass Cleaning Brush (Pack of 2),Home & Kitchen,Cleaning,Unbranded,100,96,4,4.2,5563,In Stock,SS TRADRs,https://images.meesho.com/images/products/439332312/30sz5_512.webp,https://www.meesho.com/brush-cleaning-brush-silicon-brush-bottle-cleaner-bottle-brushsilicon-brush-glass-cleaning-brush-utensils-cleaner-flexible-brush-anti-germ-cleaning-brush-pack-of-2/p/79kezc,Silicone Bottle and Glass Cleaning Brush (Pack of 2). Colour: Grey.,1,Free Size,Not specified,True,7 days,Varies by pincode,2026-10-09T19:57:00,category/home-&-kitchen,meesho_scraped_20261009.csv
MEESHO_455926767,Eco Friendly Tap and Shower Cleaner Plus Shiner,Home & Kitchen,Cleaning,Unbranded,180,172,4,4.2,1568,In Stock,CUBE PRODUCT,https://images.meesho.com/images/products/455926767/vpngk_512.webp,https://www.meesho.com/eco-friendly-tap-and-shower-cleaner-plus-shiner/p/7jg3cf,Eco Friendly Tap and Shower Cleaner Plus Shiner. Colour: White.,1,Free Size,Not specified,True,7 days,Varies by pincode,2026-10-09T19:57:20,category/home-&-kitchen,meesho_scraped_20261009.csv
MEESHO_429795035,"Home Trends India Brass Akhand Diya for Puja, Small (2.5 Inches)",Home & Kitchen,Home Decor,Home Trends India,168,168,0,4.1,9420,In Stock,HOME TRENDS INDIA,https://images.meesho.com/images/products/429795035/5qgiq_512.webp,https://www.meesho.com/home-trends-india-brass-diya-for-puja-akhand-diya-jyothi-oil-lamp-deepak-for-diwali-mandir-decor-small25-inches/p/73vzyz,"Home Trends India Brass Akhand Diya for Puja, Small (2.5 Inches). Brand: Home Trends India. Material: Brass. Colour: Gold.",1,Free Size,Brass,True,7 days,Varies by pincode,2026-10-09T19:57:40,category/home-&-kitchen,meesho_scraped_20261009.csv
MEESHO_545645448,Printed Wooden Wall Key Holder (8.5 x 11.5 inches),Home & Kitchen,Home Decor,Unbranded,100,100,0,4.3,2907,In Stock,A-ONE STAR AGENCY,https://images.meesho.com/images/products/545645448/pg3bl_512.webp,https://www.meesho.com/littel-krishna-printed-wooden-key-holder-for-home-office-kitchen-key-holders-key-hanger-for-wall-key-holder-gift-best-decorative-item-for-home-decor85-inches-x-115-inches/p/90v2q0,Printed Wooden Wall Key Holder (8.5 x 11.5 inches). Material: Wooden. Colour: Multi.,1,Free Size,Wooden,True,7 days,Varies by pincode,2026-10-09T19:58:00,category/home-&-kitchen,meesho_scraped_20261009.csv
MEESHO_517767574,"Handmade Patchwork Door Toran with Latkan, 3 Ft",Home & Kitchen,Home Decor,Unbranded,221,221,0,4.3,4159,In Stock,PRAMUKHRAJ ENT.....,https://images.meesho.com/images/products/517767574/aepip_512.webp,https://www.meesho.com/janmashtami-special-rs-99-wall-hanging-handmade-toran-with-attached-latkan-multi-zula-bandhanwal-design-patchwork-toran-for-main-door-pooja-festival-wedding-and-home-decor-3-ft/p/8k9k0m,"Handmade Patchwork Door Toran with Latkan, 3 Ft. Material: Handicraft. Colour: Multicolor.",1,Free Size,Handicraft,True,7 days,Varies by pincode,2026-10-09T19:58:20,category/home-&-kitchen,meesho_scraped_20261009.csv
MEESHO_892608041,"Artificial Fluffy Marigold Flower Garland Door Toran, 4 Feet (Set of 5, Yellow-Red)",Home & Kitchen,Home Decor,Unbranded,165,157,5,4.1,141,In Stock,punam handicraft,https://images.meesho.com/images/products/892608041/evrdp_512.webp,https://www.meesho.com/artificial-fluffy-marigold-flowergenda-phool-garlands-4-feet-long-garlands-string-door-toran-set-for-diwali-door-hangings-for-decoration-yellow-red-mix-mala-5-piece/p/erfort,"Artificial Fluffy Marigold Flower Garland Door Toran, 4 Feet (Set of 5, Yellow-Red). Material: Plastic. Colour: Multi.",1,Free Size,Plastic,True,7 days,Varies by pincode,2026-10-09T19:58:40,category/home-&-kitchen,meesho_scraped_20261009.csv
MEESHO_496130467,2-in-1 Kitchen Oil Dispenser Bottle with Silicone Basting Brush (Pack of 2),Home & Kitchen,Kitchen Appliances,Unbranded,124,113,9,4.0,25269,In Stock,COOKZELLA KITCHENWARE,https://images.meesho.com/images/products/496130467/0qty3_512.webp,https://www.meesho.com/oil-dispenser-for-kitchen-2-in-1-oil-dispenser-bottle-with-silicone-basting-brush-for-cooking-vinegar-sauce-bbq-grill-frying-bakingair-fryer-pack-of-2/p/87dspv,2-in-1 Kitchen Oil Dispenser Bottle with Silicone Basting Brush (Pack of 2). Material: Plastic. Colour: Yellow.,1,Free Size,Plastic,True,7 days,Varies by pincode,2026-10-09T19:59:00,category/home-&-kitchen,meesho_scraped_20261009.csv
MEESHO_893419611,4-in-1 Stainless Steel Dry Fruit Cutter and Slicer with 4 Blades,Home & Kitchen,Kitchen Appliances,Unbranded,105,105,0,4.1,174,In Stock,LOTUS ELECTRONIC,https://images.meesho.com/images/products/893419611/v1kmf_512.webp,https://www.meesho.com/dry-fruit-cutter-slicer-with-4-blades-stainless-steel-grinder-slicer-4-in-1-multi-purpose-chocolate-butter-almond-cashew-nut-cutter-for-kitchen/p/erx2zf,4-in-1 Stainless Steel Dry Fruit Cutter and Slicer with 4 Blades. Material: ABS. Colour: Green.,1,Free Size,ABS,True,7 days,Varies by pincode,2026-10-09T19:59:20,category/home-&-kitchen,meesho_scraped_20261009.csv
MEESHO_525289806,KITCHENBIZ 3-Piece High Carbon Stainless Steel Kitchen Knife Set (Blue),Home & Kitchen,Kitchen Appliances,KITCHENBIZ,191,191,0,4.5,16552,In Stock,KITCHENBIZ,https://images.meesho.com/images/products/525289806/iikzx_512.webp,https://www.meesho.com/kitchenbiz-knife-set-for-kitchen-professional-3-pieces-high-carbon-stainless-steel-colour-printed-coated-chef-knife-i-utility-knife-i-kitchen-knives-with-ergonomic-handle-blue/p/8oqs7i,KITCHENBIZ 3-Piece High Carbon Stainless Steel Kitchen Knife Set (Blue). Brand: KITCHENBIZ. Material: Stainless Steel. Colour: Blue.,1,Free Size,Stainless Steel,True,7 days,Varies by pincode,2026-10-09T19:59:40,category/home-&-kitchen,meesho_scraped_20261009.csv
MEESHO_411888529,"Hand Push Rotary Whisk Blender for Eggs, Cream, Lassi and Milkshake",Home & Kitchen,Kitchen Appliances,Unbranded,115,104,10,4.2,25237,In Stock,Cuizy,https://images.meesho.com/images/products/411888529/ppvh1_512.webp,https://www.meesho.com/hand-push-rotary-whisk-blender-for-pastrycake-pizza-whisker-for-eggs-cream-frother-for-milkshake-lassi-buttermilk-soup-coffee-great-alternatives-to-a-blender/p/6t8781,"Hand Push Rotary Whisk Blender for Eggs, Cream, Lassi and Milkshake. Material: Stainless Steel. Colour: Multicolor.",1,Free Size,Stainless Steel,True,7 days,Varies by pincode,2026-10-09T20:00:00,category/home-&-kitchen,meesho_scraped_20261009.csv
MEESHO_309615629,"Potato Chips Cutter and French Fries Maker (Plastic, Red)",Home & Kitchen,Kitchen Appliances,Unbranded,144,138,4,4.2,4304,In Stock,RAMKRUPA ENTERPRISE33,https://images.meesho.com/images/products/309615629/3vesf_512.webp,https://www.meesho.com/potato-chips-cutter-slicer-french-fries-maker-red-potato-french-fries-finger-chips-cutter-slice-maker-machine-plastic/p/54c4y5,"Potato Chips Cutter and French Fries Maker (Plastic, Red). Material: Plastic. Colour: Red.",1,Free Size,Plastic,True,7 days,Varies by pincode,2026-10-09T20:00:20,category/home-&-kitchen,meesho_scraped_20261009.csv
MEESHO_458335812,Waterproof Stick-On Adhesive Plastic Wall Hooks (Pack of 30),Home & Kitchen,Storage,Unbranded,108,108,0,4.1,11810,In Stock,CYBORGE,https://images.meesho.com/images/products/458335812/lyen4_512.webp,https://www.meesho.com/waterproof-stick-on-adhesive-stronger-plastic-wall-hooks-hangers-pack-of-30/p/7kvq6c,Waterproof Stick-On Adhesive Plastic Wall Hooks (Pack of 30). Material: Plastic. Colour: Transparent.,1,Free Size,Plastic,True,7 days,Varies by pincode,2026-10-09T20:00:40,category/home-&-kitchen,meesho_scraped_20261009.csv
MEESHO_334276507,"Airtight Square Plastic Kitchen Storage Containers, 500 ml (Pack of 6)",Home & Kitchen,Storage,Unbranded,233,220,6,4.1,391,In Stock,PUERTO,https://images.meesho.com/images/products/334276507/maano_512.webp,https://www.meesho.com/unbreakable-pack-of-6-air-tight-square-plastic-containers-set-for-kitchen-storage-kitchen-container-storagecontainer-sets-plastic-container-air-tight-design-500-ml-6/p/5j0pej,"Airtight Square Plastic Kitchen Storage Containers, 500 ml (Pack of 6). Material: Plastic (PET). Colour: Transparent.",1,Free Size,Plastic (PET),True,7 days,Varies by pincode,2026-10-09T20:01:00,category/home-&-kitchen,meesho_scraped_20261009.csv
MEESHO_541420299,QUIXTEEL Stainless Steel Plate Stand Thali Stand,Home & Kitchen,Storage,QUIXTEEL,133,128,4,4.0,8235,In Stock,QUIXTEEL,https://images.meesho.com/images/products/541420299/bfh6s_512.webp,https://www.meesho.com/quixteel-plate-stand-thali-stand/p/8ycikr,QUIXTEEL Stainless Steel Plate Stand Thali Stand. Brand: QUIXTEEL. Material: Stainless Steel. Colour: Silver.,1,Free Size,Stainless Steel,True,7 days,Varies by pincode,2026-10-09T20:01:20,category/home-&-kitchen,meesho_scraped_20261009.csv
MEESHO_480488297,Inotrez 4-in-1 Retractable Fast Charging Data Cable (USB / Type-C),Electronics,Chargers,Inotrez,207,188,9,4.0,6004,In Stock,INOTREZ,https://images.meesho.com/images/products/480488297/e8i2v_512.webp,https://www.meesho.com/inotrez-4-in-1-data-cable-fast-charging-portable-cord-for-traveloutdoor-cable-accessories-with-usb-type-c-usb-port-fast-charger-type-c-retractable-pack-of-1-multi-color/p/7y2j55,Retractable 4-in-1 fast charging cable with USB and Type-C connectors. Colour: Orange.,1,Free Size,Plastic,True,7 days,Varies by pincode,2026-10-09T20:01:40,category/electronics,meesho_scraped_20261009.csv
MEESHO_534598646,Portable Cartoon Handheld USB Rechargeable Mini Fan (Pack of 2),Electronics,Gadgets,Unbranded,240,240,0,4.0,4368,In Stock,DAKSH TRADERS IND,https://images.meesho.com/images/products/534598646/1whd9_512.webp,https://www.meesho.com/pack-of-2-portable-cartoon-shaped-handheld-usb-rechargeable-small-fan-student-desktop-phone-holder-pack-of-2/p/8uaaye,Handheld USB rechargeable mini fan that doubles as a phone holder. Colour: Multicolor.,1,Free Size,Plastic,True,7 days,Varies by pincode,2026-10-09T20:02:00,category/electronics,meesho_scraped_20261009.csv
MEESHO_346901680,Wooden Bluetooth Speaker,Electronics,Gadgets,Unbranded,391,365,7,4.0,19540,In Stock,Anandani Fashion,https://images.meesho.com/images/products/346901680/b5tnv_512.webp,https://www.meesho.com/ad-wooden-bluetooth-speaker-with-dolby-sound-effect-speaker/p/5qjb1s,Wood-finish portable Bluetooth speaker. Colour: Brown.,1,Free Size,ABS Plastic,True,7 days,Varies by pincode,2026-10-09T20:02:20,category/electronics,meesho_scraped_20261009.csv
MEESHO_322670745,Adjustable Foldable Anti-Skid Tabletop Mobile Holder,Electronics,Mobile Accessories,Unbranded,117,110,6,4.1,25302,In Stock,RDS DIGITAL STORE,https://images.meesho.com/images/products/322670745/lmjpc_512.webp,https://www.meesho.com/mobile-phone-holder-adjustable-foldable-anti-skid-wide-compatibility-black-tabletop/p/5c3yc9,"Adjustable, foldable tabletop phone stand with anti-skid base. Colour: Black.",1,Free Size,Plastic,True,7 days,Varies by pincode,2026-10-09T20:02:40,category/electronics,meesho_scraped_20261009.csv
MEESHO_476095692,Heavy Duty Wall Mount Mobile Holder (Pack of 2),Electronics,Mobile Accessories,Unbranded,91,82,10,4.2,5968,In Stock,Shyam Stationers,https://images.meesho.com/images/products/476095692/zqmcx_512.webp,https://www.meesho.com/pack-of-2-heavy-duty-plastic-stand-holder-for-smartphones-and-phone-mobile-holder-for-wall-mount/p/7vgdsc,"Wall-mount plastic stand for smartphones, pack of 2. Colour: White.",1,Free Size,Plastic,True,7 days,Varies by pincode,2026-10-09T20:03:00,category/electronics,meesho_scraped_20261009.csv
MEESHO_417056622,AIRPOD PRO True Wireless Bluetooth Earphones,Electronics,Headphones,Unbranded,286,270,6,3.8,36709,In Stock,Yuvraj Treding,https://images.meesho.com/images/products/417056622/gshhe_512.webp,https://www.meesho.com/airpod-pro-a-true-wireless-bluetooth-headphone-and-earphone/p/6wayy6,AIRPOD PRO True Wireless Bluetooth Earphones. Material: ABS Plastic. Colour: White.,1,Free Size,ABS Plastic,True,7 days,Varies by pincode,2026-10-09T20:03:20,category/electronics,meesho_scraped_20261009.csv
MEESHO_436310988,Airpod Pro True Wireless Bluetooth Earphones with Case (White),Electronics,Headphones,Unbranded,306,286,7,3.9,5948,In Stock,MAA MOGAL KRUPA ENTERPRISE,https://images.meesho.com/images/products/436310988/xaxdm_512.webp,https://www.meesho.com/airpod-pro-with-case-true-wireless-bluetooth-earphones-with-3-hours-of-playtime-compatible-for-all-smartphones-white/p/77rnpo,Airpod Pro True Wireless Bluetooth Earphones with Case (White). Material: ABS Plastic. Colour: White.,1,Free Size,ABS Plastic,True,7 days,Varies by pincode,2026-10-09T20:03:40,category/electronics,meesho_scraped_20261009.csv
MEESHO_504942821,"Wireless TWS Bluetooth Earbuds with Mic, Deep Bass, Touch Control",Electronics,Headphones,Velion,363,361,1,3.9,182,In Stock,NILKANTH SALES SURAT,https://images.meesho.com/images/products/504942821/niwvl_512.webp,https://www.meesho.com/wireless-tws-bluetooth-earbuds-with-mic-deep-bass-gaming-music-touch-control-long-battery-life-sports-workout-fast-charging-best-budget-earbuds/p/8cmodh,"Wireless TWS Bluetooth Earbuds with Mic, Deep Bass, Touch Control. Brand: Velion. Material: ABS Plastic. Colour: White.",1,Free Size,ABS Plastic,True,7 days,Varies by pincode,2026-10-09T20:04:00,category/electronics,meesho_scraped_20261009.csv
MEESHO_526282263,"SIGNATIZE Neckband Bluetooth Earphones, BT 5.3, IPX4, 20+ Hrs Playtime",Electronics,Headphones,SIGNATIZE,272,248,9,3.8,2817,In Stock,NITRAMAX ELECTRONICS INDIA PRIVATE LIMITED,https://images.meesho.com/images/products/526282263/pxgcz_512.webp,https://www.meesho.com/signatize-neckband-bluetooth-headphones-with-20-hours-playtime-with-10mm-drivers-rich-music-experience-bt-53v-type-c-fast-charging-neckband-earphones-ipx4-water-resistant/p/8pc1zr,"SIGNATIZE Neckband Bluetooth Earphones, BT 5.3, IPX4, 20+ Hrs Playtime. Brand: SIGNATIZE. Material: Plastic. Colour: Purple.",1,Free Size,Plastic,True,7 days,Varies by pincode,2026-10-09T20:04:20,category/electronics,meesho_scraped_20261009.csv
MEESHO_525492949,"Transparent Neckband Bluetooth Earphones, Type-C Fast Charging (Purple)",Electronics,Headphones,Unbranded,276,264,4,3.9,1951,In Stock,Sushi Trading Co.,https://images.meesho.com/images/products/525492949/xn4ky_512.webp,https://www.meesho.com/bt-transparent-neckband-bluetooth-earphones-purple-exclusive-transparent-design-72-hours-playtime-hd-sound-deep-bass-type-c-fast-charging/p/8ov4yd,"Transparent Neckband Bluetooth Earphones, Type-C Fast Charging (Purple). Material: ABS Plastic. Colour: Purple.",1,Free Size,ABS Plastic,True,7 days,Varies by pincode,2026-10-09T20:04:40,category/electronics,meesho_scraped_20261009.csv
MEESHO_388210094,3 in 1 Cable + 3.0A Dual Port Fast Charger,Electronics,Chargers,Unbranded,200,196,2,3.9,1006,In Stock,Paawni Industries,https://images.meesho.com/images/products/388210094/qsoww_512.webp,https://www.meesho.com/3-in-1-cable30a-fast-charger-cord-dual-port/p/6f4otq,3 in 1 Cable + 3.0A Dual Port Fast Charger. Material: Rubber & Metal. Size: 1 m cable. Colour: White.,1,1 m cable,Rubber & Metal,True,7 days,Varies by pincode,2026-10-09T20:05:00,category/electronics,meesho_scraped_20261009.csv
MEESHO_335235109,Demelza USB 2.0 Male to Female Extension Cable (1.5 m),Electronics,Chargers,Demelza,127,114,10,4.1,3955,In Stock,Aashi Global Traders,https://images.meesho.com/images/products/335235109/4wue3_512.webp,https://www.meesho.com/demelza-usb-male-to-female-extension-cable-15-meter-20-usb-extension-cable-usb-a-male-to-a-female-cable-usb-extender-for-tv-pc-hard-drive-usb-flash-drive-mouse-keyboard-webcam-scanner/p/5jl92d,Demelza USB 2.0 Male to Female Extension Cable (1.5 m). Brand: Demelza. Size: 1.5 m. Colour: Black.,1,1.5 m,Not specified,True,7 days,Varies by pincode,2026-10-09T20:05:20,category/electronics,meesho_scraped_20261009.csv
MEESHO_458505749,Zebronics MB20000R7 20000 mAh Power Bank,Electronics,Mobile Accessories,Zebronics,1999,969,52,4.0,214,In Stock,ELECTRIC ELECTRONS,https://images.meesho.com/images/products/458505749/afrls_512.webp,https://www.meesho.com/zebronics-mb20000r7/p/7kzdat,Zebronics MB20000R7 20000 mAh Power Bank. Brand: Zebronics. Size: 20000 mAh. Colour: Black.,1,20000 mAh,Not specified,True,7 days,Varies by pincode,2026-10-09T20:05:40,category/electronics,meesho_scraped_20261009.csv
MEESHO_336727897,"Demelza USB 3.0 Male to Female Extension Cable, 5 Gbps (1.5 m)",Electronics,Chargers,Demelza,145,117,19,4.0,2170,In Stock,Aashi Global Traders,https://images.meesho.com/images/products/336727897/ujln1_512.webp,https://www.meesho.com/demelza-15-meter-usb-30-male-to-female-usb-extension-cable-high-speed-5gbps-extension-cable-data-transfer-for-keyboard-mouse-flash-drive-hard-drive-printer-and-more/p/5kh8wp,"Demelza USB 3.0 Male to Female Extension Cable, 5 Gbps (1.5 m). Brand: Demelza. Material: Plastic. Size: 1.5 m. Colour: Black.",1,1.5 m,Plastic,True,7 days,Varies by pincode,2026-10-09T20:06:00,category/electronics,meesho_scraped_20261009.csv
MEESHO_393863832,Portronics Luxcell B12 10000 mAh 12W Ultra Slim Power Bank,Electronics,Mobile Accessories,Portronics,1499,605,60,3.8,3363,In Stock,Portronics Digital Pvt Ltd,https://images.meesho.com/images/products/393863832/qtsgt_512.webp,https://www.meesho.com/portronics-luxcell-b12-10000mah-12w-power-bank-ultra-slim-power-bank-with-usb-a-output-port-dual-input-ports-micro-type-c-bis-certified-free-type-c-cable-made-in-indiablack/p/6ihva0,Portronics Luxcell B12 10000 mAh 12W Ultra Slim Power Bank. Brand: Portronics. Material: Metal. Size: 10000 mAh. Colour: Black.,1,10000 mAh,Metal,True,7 days,Varies by pincode,2026-10-09T20:06:20,category/electronics,meesho_scraped_20261009.csv
MEESHO_66942537,Ambrane Stylo-10k 10000 mAh 20W Fast Charging Power Bank,Electronics,Mobile Accessories,Ambrane,2478,1623,35,3.8,1178,In Stock,BJ Infotech (A unit of AIPL),https://images.meesho.com/images/products/66942537/ii3at_512.webp,https://www.meesho.com/ambrane-10000mah-power-bank-with-20w-fast-charging-dual-output-power-delivery-type-c-input-made-in-india-multi-layer-protection-li-polymer-type-c-cablestylo-10k-black/p/13ut6x,Ambrane Stylo-10k 10000 mAh 20W Fast Charging Power Bank. Brand: Ambrane. Material: Plastic. Size: 10000 mAh. Colour: Black.,1,10000 mAh,Plastic,True,7 days,Varies by pincode,2026-10-09T20:06:40,category/electronics,meesho_scraped_20261009.csv
MEESHO_407818602,Portable Bluetooth Speaker,Electronics,Gadgets,Unbranded,282,282,0,4.1,4492,In Stock,TouchCosMos,https://images.meesho.com/images/products/407818602/oo1oa_512.webp,https://www.meesho.com/bluetooth-speaker/p/6qsyui,Portable Bluetooth Speaker. Material: ABS Plastic. Colour: Assorted.,1,Free Size,ABS Plastic,True,7 days,Varies by pincode,2026-10-09T20:07:00,category/electronics,meesho_scraped_20261009.csv
MEESHO_545408474,GeneCore TG-113 Splash-Proof IPX5 Bluetooth Speaker,Electronics,Gadgets,GeneCore,374,372,1,3.8,3907,In Stock,KBS OVERSEAS,https://images.meesho.com/images/products/545408474/440cs_512.webp,https://www.meesho.com/genecore-tg-113-splash-proof-bluetooth-speaker-3d-bass-fm-aux-usb-tf-card-ipx5-waterproof-wireless-portable-boombox/p/90pzve,GeneCore TG-113 Splash-Proof IPX5 Bluetooth Speaker. Brand: GeneCore. Colour: Black.,1,Free Size,Not specified,True,7 days,Varies by pincode,2026-10-09T20:07:20,category/electronics,meesho_scraped_20261009.csv
MEESHO_392743867,Mega Bass Mini Portable Wireless Bluetooth Speaker 5 W,Electronics,Gadgets,Unbranded,292,292,0,4.0,17332,In Stock,galaxy enterprises,https://images.meesho.com/images/products/392743867/zldhi_512.webp,https://www.meesho.com/mega-bass-mini-portable-wireless-bluetooth-premium-speaker-5-w-portable-bluetooth-party-speaker/p/6htv3v,Mega Bass Mini Portable Wireless Bluetooth Speaker 5 W. Material: Plastic. Colour: Red.,1,Free Size,Plastic,True,7 days,Varies by pincode,2026-10-09T20:07:40,category/electronics,meesho_scraped_20261009.csv
MEESHO_516466993,TG-113 High Bass 10W Portable Bluetooth Speaker,Electronics,Gadgets,Unbranded,374,372,1,3.9,6601,In Stock,KBS OVERSEAS,https://images.meesho.com/images/products/516466993/pkjtm_512.webp,https://www.meesho.com/tg-113-high-bass-10w-bluetooth-speaker-thunder-sound-portable-aux-usb-sd-card3hour-battery-backup-random-assorted-pack-of-1/p/8jhohd,TG-113 High Bass 10W Portable Bluetooth Speaker. Colour: Green.,1,Free Size,Not specified,True,7 days,Varies by pincode,2026-10-09T20:08:00,category/electronics,meesho_scraped_20261009.csv
MEESHO_441779643,Portronics 5000 mAh 20W Fast Charging Power Bank with Foldable Type-C Pin,Electronics,Mobile Accessories,Portronics,2499,747,70,3.9,20038,In Stock,Portronics Digital Pvt Ltd,https://images.meesho.com/images/products/441779643/7xpj5_512.webp,https://www.meesho.com/portronics-5000mah-20watts-fast-charging-powerbank-in-built-foldable-type-c-inputoutput-pin-type-c-pd-output-led-battery-indicator-compatible-with-type-c-smartphoneblack/p/7b0vcr,Portronics 5000 mAh 20W Fast Charging Power Bank with Foldable Type-C Pin. Brand: Portronics. Material: Plastic. Size: 5000 mAh. Colour: Black.,1,5000 mAh,Plastic,True,7 days,Varies by pincode,2026-10-09T20:08:20,category/electronics,meesho_scraped_20261009.csv
MEESHO_409579286,"Hoppup Xo3 Gaming Earbuds with 35MS Low Latency, 13MM Drivers, 50H Playtime (Black)",Electronics,Headphones,Hoppup,4999,818,84,3.9,6298,In Stock,HOPPUP,https://images.meesho.com/images/products/409579286/kahxm_512.webp,https://www.meesho.com/hoppup-xo3-gaming-earbuds-with-35ms-low-latency-13mm-drivers-50h-playtime-bluetooth-headset-black-true-wireless/p/6rupee,"Hoppup Xo3 Gaming Earbuds with 35MS Low Latency, 13MM Drivers, 50H Playtime (Black). Brand: Hoppup. Colour: Black.",1,Free Size,Not specified,True,7 days,Varies by pincode,2026-10-09T20:08:40,category/electronics,meesho_scraped_20261009.csv
MEESHO_403567430,"Hoppup S40 Earbuds with 13MM Drivers, 40H Playtime",Electronics,Headphones,Hoppup,4999,692,86,3.9,9656,In Stock,HOPPUP,https://images.meesho.com/images/products/403567430/4vblo_512.webp,https://www.meesho.com/hoppup-s40-earbuds-with-13mm-drivers-40h-playtime/p/6o9ume,"Hoppup S40 Earbuds with 13MM Drivers, 40H Playtime. Brand: Hoppup. Material: ABS Plastic. Colour: Black.",1,Free Size,ABS Plastic,True,7 days,Varies by pincode,2026-10-09T20:09:00,category/electronics,meesho_scraped_20261009.csv
MEESHO_440002507,"Hoppup Xo6 Gaming Earbuds with 35MS Low Latency, RGB LED, 50H Playtime (Red)",Electronics,Headphones,Hoppup,5999,831,86,3.8,2302,In Stock,HOPPUP,https://images.meesho.com/images/products/440002507/4aike_512.webp,https://www.meesho.com/hoppup-xo6-gaming-earbuds-with-35ms-low-latency-rgb-led-13mm-drivers-50h-playtime-bluetooth-red-true-wireless/p/79ys3v,"Hoppup Xo6 Gaming Earbuds with 35MS Low Latency, RGB LED, 50H Playtime (Red). Brand: Hoppup. Colour: Red.",1,Free Size,Not specified,True,7 days,Varies by pincode,2026-10-09T20:09:20,category/electronics,meesho_scraped_20261009.csv
MEESHO_442255604,"Portronics Konnect X USB to 8-Pin Cable, 3A Fast Charging, Nylon Braided, 1 m (Black)",Electronics,Chargers,Portronics,699,156,78,3.9,288,In Stock,Portronics Digital Pvt Ltd,https://images.meesho.com/images/products/442255604/u1kas_512.webp,https://www.meesho.com/portronics-konenct-x-usb-to-8-pin-cable-with-3a-output-fast-charging-data-transfer-nylon-braided-aluminium-alloy-shell-1meter-length-compatible-with-8-pin-devicesblack/p/7bb2lw,"Portronics Konnect X USB to 8-Pin Cable, 3A Fast Charging, Nylon Braided, 1 m (Black). Brand: Portronics. Material: Rubber. Colour: Black.",1,Free Size,Rubber,True,7 days,Varies by pincode,2026-10-09T20:09:40,category/electronics,meesho_scraped_20261009.csv
MEESHO_481506861,"Type-C 65W VOOC Fast Charging Data Cable, 1 m (White)",Electronics,Chargers,Unbranded,141,141,0,4.2,547,In Stock,ARONX INDIA,https://images.meesho.com/images/products/481506861/vcgx5_512.webp,https://www.meesho.com/type-c-65w-vooc-fast-charging-data-cable-white-1-meter-length/p/7yod2l,"Type-C 65W VOOC Fast Charging Data Cable, 1 m (White). Material: Plastic. Colour: White.",1,Free Size,Plastic,True,7 days,Varies by pincode,2026-10-09T20:10:00,category/electronics,meesho_scraped_20261009.csv
MEESHO_89639249,"Universal Silicone Suction Long Neck Car Mobile Phone Holder, 360 Degree Rotation (Black)",Electronics,Mobile Accessories,Unbranded,232,221,5,4.0,231,In Stock,Integral empire,https://images.meesho.com/images/products/89639249/afngl_512.webp,https://www.meesho.com/universal-silicone-sucker-long-neck-car-mobile-phone-holder-mount-stand-ultimate-reusable-suction-cup-with-360-degree-rotation-for-car-windshield-dashboard-black/p/1hda35,"Universal Silicone Suction Long Neck Car Mobile Phone Holder, 360 Degree Rotation (Black). Material: Silicone. Colour: Black.",1,Free Size,Silicone,True,7 days,Varies by pincode,2026-10-09T20:10:20,category/electronics,meesho_scraped_20261009.csv
MEESHO_111575705,"RKM Car Rear View Mirror Mobile Holder, 360 Degree Rotation, Fits Phones up to 6.5 Inch (Black)",Electronics,Mobile Accessories,RKM,198,198,0,3.8,281,In Stock,RKM COLLECTION,https://images.meesho.com/images/products/111575705/3qdqn_512.webp,https://www.meesho.com/rkm-universal-car-rear-view-mirror-mobile-holder-stand-360-degree-rotation-flexible-neck-strong-grip-anti-shake-fall-prevention-to-watch-navigation-gps-location-compatible-with-all-smartphones-size-upto-65-inch-black/p/1ufgd5,"RKM Car Rear View Mirror Mobile Holder, 360 Degree Rotation, Fits Phones up to 6.5 Inch (Black). Brand: RKM. Material: ABS Plastic. Colour: Black.",1,Free Size,ABS Plastic,True,7 days,Varies by pincode,2026-10-09T20:10:40,category/electronics,meesho_scraped_20261009.csv
MEESHO_133359179,SkyCell Car Mobile Holder Rearview Mirror Phone Holder with 270° Swivel (Black),Electronics,Mobile Accessories,SkyCell,264,264,0,3.7,392,In Stock,CELLMASTER,https://images.meesho.com/images/products/133359179/v4r14_512.webp,https://www.meesho.com/skycell-car-mobile-holder-rearview-mirror-phone-holder-car-phone-mount-phone-bracket-phone-stand-with-270-swivel-and-adjustable-clips-universal-smartphone-cradle-black/p/27ecln,SkyCell Car Mobile Holder Rearview Mirror Phone Holder with 270° Swivel (Black). Brand: SkyCell. Material: Aluminum. Colour: Black.,1,Free Size,Aluminum,True,7 days,Varies by pincode,2026-10-09T20:11:00,category/electronics,meesho_scraped_20261009.csv
MEESHO_507674727,Adjustable Foldable Desktop Mobile Holder Stand with Non-Slip Silicone Grip (Black),Electronics,Mobile Accessories,Unbranded,137,137,0,4.2,2066,In Stock,AuraCrafts,https://images.meesho.com/images/products/507674727/ttlhi_512.webp,https://www.meesho.com/adjustable-desktop-mobile-holder-stand-foldable-phone-stand-with-non-slip-silicone-grip-mobile-stand-for-video-recording-online-class-gaming/p/8e98br,Adjustable Foldable Desktop Mobile Holder Stand with Non-Slip Silicone Grip (Black). Material: ABS Plastic. Colour: Black.,1,Free Size,ABS Plastic,True,7 days,Varies by pincode,2026-10-09T20:11:20,category/electronics,meesho_scraped_20261009.csv
MEESHO_470867974,"Kustar 360° Rotating Foldable Phone Holder for Desk, Adjustable (Metal Silver)",Electronics,Mobile Accessories,Kustar,175,175,0,4.4,3122,In Stock,EcoMart Solutions,https://images.meesho.com/images/products/470867974/jcxqj_512.webp,https://www.meesho.com/kustar-360rotating-phone-holder-for-desk-portable-foldable-cell-phone-stand-for-office-kitchen-adjustable-tablet-stand-for-all-mobile-phones-all-device-model-ipad-nintendo-switch-metal-silver/p/7scc1y,"Kustar 360° Rotating Foldable Phone Holder for Desk, Adjustable (Metal Silver). Brand: Kustar. Material: Metal. Colour: Silver.",1,Free Size,Metal,True,7 days,Varies by pincode,2026-10-09T20:11:40,category/electronics,meesho_scraped_20261009.csv
MEESHO_497720802,AuraEdge SoundBlast 10W Bluetooth Speaker,Electronics,Gadgets,AuraEdge,409,406,1,4.0,3050,In Stock,KBS OVERSEAS,https://images.meesho.com/images/products/497720802/ufafq_512.webp,https://www.meesho.com/auraedge-soundblast-10w-bluetooth-speaker-delivers-powerful-bass-vibrant-disco-led-lights-1800mah-battery-and-a-10m-range-perfect-for-parties-and-travel/p/88bvtu,AuraEdge SoundBlast 10W Bluetooth Speaker. Brand: AuraEdge. Colour: Black.,1,Free Size,Not specified,True,7 days,Varies by pincode,2026-10-09T20:12:00,category/electronics,meesho_scraped_20261009.csv
MEESHO_91936170,XT-02 80cm Extendable 3-in-1 Selfie Stick Tripod with Bluetooth Remote,Electronics,Gadgets,Unbranded,207,188,9,3.8,7184,In Stock,ansh collection,https://images.meesho.com/images/products/91936170/0rnoh_512.webp,https://www.meesho.com/xt-02-80cm-extendable-3-in-1-selfie-stick-tripod-with-bluetooth-remote-included-and-rotatable/p/1iqiei,XT-02 80cm Extendable 3-in-1 Selfie Stick Tripod with Bluetooth Remote. Colour: Black.,1,Free Size,Not specified,True,7 days,Varies by pincode,2026-10-09T20:12:20,category/electronics,meesho_scraped_20261009.csv
MEESHO_450548863,"10 Inch (25.4 cm) Professional LED Ring Light with Tripod Stand, 3 Color Temperature Modes",Electronics,Gadgets,Unbranded,545,545,0,4.0,674,In Stock,SR@ENTERPRISES,https://images.meesho.com/images/products/450548863/kcyri_512.webp,https://www.meesho.com/10-254-cm-professional-led-ring-light-with-tripod-stand-for-mobile-phones-camera-3-color-temperature-mode-dimmable-lighting-for-photo-shoot-youtube-video-shooting/p/7g8tq7,"10 Inch (25.4 cm) Professional LED Ring Light with Tripod Stand, 3 Color Temperature Modes. Colour: Not specified.",1,Free Size,Not specified,True,7 days,Varies by pincode,2026-10-09T20:12:40,category/electronics,meesho_scraped_20261009.csv
MEESHO_444306502,"2 Port Fast Charger Adapter with Inbuilt Mobile Stand, 4.8A, with 1.2 m Type-C Cable (White)",Electronics,Chargers,Unbranded,182,182,0,4.0,469,In Stock,Mahalaxmi Enterprises Ne,https://images.meesho.com/images/products/444306502/k7x1z_512.webp,https://www.meesho.com/2-port-mobile-charger-original-adapter-like-with-inbuilt-mobile-stand-mobile-charger-multi-layer-protection-hi-speed-fast-type-c-dual-port-charger-with-12m-type-c-dash-red-charging-sync-data-cable-white-48amp/p/7cj13a,"2 Port Fast Charger Adapter with Inbuilt Mobile Stand, 4.8A, with 1.2 m Type-C Cable (White). Material: ABS Plastic. Colour: White.",1,Free Size,ABS Plastic,True,7 days,Varies by pincode,2026-10-09T20:13:00,category/electronics,meesho_scraped_20261009.csv
MEESHO_294016656,"Veriro 1.2 m USB 3-in-1 Charging Cable (Type-C, Android, iOS), Nylon Braided",Electronics,Chargers,Veriro,216,216,0,4.1,814,In Stock,MATLEK LIVES PRIVATE LIMITED,https://images.meesho.com/images/products/294016656/bpo1t_512.webp,https://www.meesho.com/veriro-12-m-usb-3-in-1-charging-cable-length-12-metres-compatible-with-type-c-android-ios-charging-cable-nylon-braided-usb-fast-charging-cable/p/4v1spc,"Veriro 1.2 m USB 3-in-1 Charging Cable (Type-C, Android, iOS), Nylon Braided. Brand: Veriro. Material: Nylon Braided. Colour: Not specified.",1,Free Size,Nylon Braided,True,7 days,Varies by pincode,2026-10-09T20:13:20,category/electronics,meesho_scraped_20261009.csv
MEESHO_477204952,"Pack of 2 Fast Charging Micro USB Type-B Cable, 1 m, 3.5A, Tangle-Free",Electronics,Chargers,Unbranded,199,178,11,4.0,399,In Stock,ROYENTERPRISESTORE,https://images.meesho.com/images/products/477204952/aqq3o_512.webp,https://www.meesho.com/combopack-of-2-fast-charging-micro-usb-type-b-cable-durable-1m-length-tangle-free-design-35a-current-long-lasting-for-type-b-devices/p/7w45p4,"Pack of 2 Fast Charging Micro USB Type-B Cable, 1 m, 3.5A, Tangle-Free. Material: Rubber & Metal. Colour: Multicolor.",1,Free Size,Rubber & Metal,True,7 days,Varies by pincode,2026-10-09T20:13:40,category/electronics,meesho_scraped_20261009.csv
MEESHO_418779241,"6-in-1 Fast Charging Cable (Type-C, Micro USB, iPhone) with 3 Ports",Electronics,Chargers,Unbranded,163,160,2,4.1,323,In Stock,Paawni Industries,https://images.meesho.com/images/products/418779241/btnhd_512.webp,https://www.meesho.com/6-in-1-fast-charging-cable-c-typemicro-usb-iphones-and-3-port-for-all-purpose/p/6xbw4p,"6-in-1 Fast Charging Cable (Type-C, Micro USB, iPhone) with 3 Ports. Material: Rubber & Metal. Colour: White.",1,Free Size,Rubber & Metal,True,7 days,Varies by pincode,2026-10-09T20:14:00,category/electronics,meesho_scraped_20261009.csv
MEESHO_454622064,"Wired Earphones Pack of 2 (1 Black, 1 White)",Electronics,Headphones,Unbranded,131,131,0,3.8,6231,In Stock,Satguru Western,https://images.meesho.com/images/products/454622064/zwytc_512.webp,https://www.meesho.com/wired-earphones-pack-of-2-1-black-1-white/p/7io4mo,"Wired Earphones Pack of 2 (1 Black, 1 White). Material: ABS Plastic. Colour: Black.",1,Free Size,ABS Plastic,True,7 days,Varies by pincode,2026-10-09T20:14:20,category/electronics,meesho_scraped_20261009.csv
MEESHO_464880060,FYPCON TG-113 10 Watt Wireless Bluetooth Portable Speaker,Electronics,Gadgets,FYPCON,394,371,6,3.9,143,In Stock,THE GR GROUP,https://images.meesho.com/images/products/464880060/zko8w_512.webp,https://www.meesho.com/fypcon-tg-113-10-watt-wireless-bluetooth-portable-speaker/p/7orzr0,FYPCON TG-113 10 Watt Wireless Bluetooth Portable Speaker. Brand: FYPCON. Material: ABS Plastic. Colour: Black.,1,Free Size,ABS Plastic,True,7 days,Varies by pincode,2026-10-09T20:14:40,category/electronics,meesho_scraped_20261009.csv
MEESHO_534225607,"Portable Bluetooth Speaker with Deep Bass, Type-C Charging, TF Card Slot and RGB Lights",Electronics,Gadgets,Unbranded,487,444,9,4.2,1538,In Stock,SURAJENTERPRISESS,https://images.meesho.com/images/products/534225607/2qhky_512.webp,https://www.meesho.com/portable-bluetooth-speaker-deep-bass-crystal-clear-stereo-type-c-charging-tf-card-rgb-lights/p/8u2b47,"Portable Bluetooth Speaker with Deep Bass, Type-C Charging, TF Card Slot and RGB Lights. Material: ABS Plastic. Colour: Beige.",1,Free Size,ABS Plastic,True,7 days,Varies by pincode,2026-10-09T20:15:00,category/electronics,meesho_scraped_20261009.csv
MEESHO_515545877,AuraEdge SoundWave X Portable Speaker with 6H Playback and LED Flashlight,Electronics,Gadgets,AuraEdge,401,398,1,3.7,448,In Stock,KBS OVERSEAS,https://images.meesho.com/images/products/515545877/0t8ve_512.webp,https://www.meesho.com/auraedge-soundwave-x-portable-speaker-6h-playback-led-flashlight-travel-friendly/p/8ixxqt,AuraEdge SoundWave X Portable Speaker with 6H Playback and LED Flashlight. Brand: AuraEdge. Colour: Blue.,1,Free Size,Not specified,True,7 days,Varies by pincode,2026-10-09T20:15:20,category/electronics,meesho_scraped_20261009.csv
MEESHO_485682742,Combo of 2 Wired Earphones with Premium Audio Clarity,Electronics,Headphones,Unbranded,157,157,0,3.9,509,In Stock,OneAvenue,https://images.meesho.com/images/products/485682742/bzyna_512.webp,https://www.meesho.com/combo-of-2-wired-earphones-with-premium-audio-clarity-ideal-for-study-work/p/815v7a,Combo of 2 Wired Earphones with Premium Audio Clarity. Material: ABS Plastic. Colour: White.,1,Free Size,ABS Plastic,True,7 days,Varies by pincode,2026-10-09T20:15:40,category/electronics,meesho_scraped_20261009.csv
MEESHO_425979050,"Wall Mount Mobile Holder for Mobile and Remotes, Pack of 2",Electronics,Mobile Accessories,Unbranded,86,86,0,4.1,832,In Stock,Khatu Store 7,https://images.meesho.com/images/products/425979050/k3ojk_512.webp,https://www.meesho.com/mobile-holders-wall-mount-for-mobile-and-remotes-pack-of-2/p/71m7je,"Wall Mount Mobile Holder for Mobile and Remotes, Pack of 2. Material: ABS Plastic. Colour: White.",1,Free Size,ABS Plastic,True,7 days,Varies by pincode,2026-10-09T20:16:00,category/electronics,meesho_scraped_20261009.csv
MEESHO_434200566,Ghar Soaps Magic De-Tan Face Wash with Sandalwood & Saffron (100 ml),Beauty & Health,Skincare,Ghar Soaps,499,301,40,4.2,18238,In Stock,GHAR SOAPS,https://images.meesho.com/images/products/434200566/ivj5b_512.webp,https://www.meesho.com/ghar-soaps-magic-de-tan-face-wash-i-with-sandalwood-saffron-glutathione-tan-removal-brightening-and-glowing-skin-i-for-all-skin-type-skin-i-for-man-women-100ml/p/76ifau,"De-tan face wash with sandalwood, saffron and glutathione for all skin types.",1,100 ml,Not specified,True,7 days,Varies by pincode,2026-10-09T20:16:20,category/beauty-&-health,meesho_scraped_20261009.csv
MEESHO_101951269,Wildplay Chocolate Perfume Spray (30 ml),Beauty & Health,Personal Care,Wildplay,399,135,66,3.9,44645,In Stock,WILDPLAY LIFESTYLE,https://images.meesho.com/images/products/101951269/psq40_512.webp,https://www.meesho.com/wildplay-chocolate-30ml-perfume-spray-vanilla-fragrance/p/1op63p,Chocolate-vanilla fragrance perfume spray.,1,30 ml,Not specified,True,7 days,Varies by pincode,2026-10-09T20:16:40,category/beauty-&-health,meesho_scraped_20261009.csv
MEESHO_498232777,Mamaearth Rice Face Wash 50 ml (Pack of 2),Beauty & Health,Skincare,Mamaearth,250,227,9,4.2,57528,In Stock,HONASA CONSUMER LTD,https://images.meesho.com/images/products/498232777/vbnlw_512.webp,https://www.meesho.com/mamaearth-rice-face-wash-50-ml-pack-of-2/p/88muvd,"Rice water face wash, pack of 2.",1,50 ml x 2,Not specified,True,7 days,Varies by pincode,2026-10-09T20:17:00,category/beauty-&-health,meesho_scraped_20261009.csv
MEESHO_438520204,Hair Pure Rosemary Hair Spray (100 ml),Beauty & Health,Hair Care,Hair Pure,225,151,33,4.0,6082,In Stock,Saanvi Brands,https://images.meesho.com/images/products/438520204/agwov_512.webp,https://www.meesho.com/hair-pure-rosemary-hair-spray-100ml/p/7930cs,Rosemary water hair spray.,1,100 ml,Not specified,True,7 days,Varies by pincode,2026-10-09T20:17:20,category/beauty-&-health,meesho_scraped_20261009.csv
MEESHO_517839029,USB Rechargeable Facial Hair Remover (Lipstick Shape),Beauty & Health,Personal Care,Unbranded,207,207,0,3.9,12721,In Stock,MULTANI Internationals,https://images.meesho.com/images/products/517839029/hwi5q_512.webp,https://www.meesho.com/usb-facial-hair-remover-for-women-girls-mini-cordless-trimmer-machine-for-face-skincare-lipstick-shapeusb-rechargeable01/p/8kb35h,Cordless USB rechargeable facial hair trimmer for women.,1,Free Size,"ABS plastic, stainless steel blade",True,7 days,Varies by pincode,2026-10-09T20:17:40,category/beauty-&-health,meesho_scraped_20261009.csv
MEESHO_501227837,Matte Velvet Mini Liquid Lipstick Set (Set of 12),Beauty & Health,Makeup,Unbranded,147,141,4,3.9,12811,In Stock,KHANNAENTERPRISES,https://images.meesho.com/images/products/501227837/vazmz_512.webp,https://www.meesho.com/lipstick-set-of-12-matte-velvet-mini-liquid-lipstick-set-for-women-long-lasting-waterproof-lip-gloss-combo-for-girls/p/8af1vh,Matte Velvet Mini Liquid Lipstick Set (Set of 12). Size: Set of 12. Colour: Multicolor.,1,Set of 12,Not specified,True,7 days,Varies by pincode,2026-10-09T20:18:00,category/beauty-&-health,meesho_scraped_20261009.csv
MEESHO_419714310,Swiss Beauty Bold Matt Lip Liner Pencil - 3 Choco Nude,Beauty & Health,Makeup,Swiss Beauty,69,34,51,4.0,8612,In Stock,SWISS BEAUTY COSMETICS PVT LTD.,https://images.meesho.com/images/products/419714310/nrkta_512.webp,https://www.meesho.com/swiss-beauty-bold-matt-lip-liner-pencil-3-choco-nude/p/6xvxmu,Swiss Beauty Bold Matt Lip Liner Pencil - 3 Choco Nude. Brand: Swiss Beauty. Size: 1.6 g. Colour: 3 Choco Nude.,1,1.6 g,Not specified,True,7 days,Varies by pincode,2026-10-09T20:18:20,category/beauty-&-health,meesho_scraped_20261009.csv
MEESHO_260950205,Swiss Beauty Kiss Kandy Lip Balm - 03 Cherry (10 ml),Beauty & Health,Skincare,Swiss Beauty,149,140,6,4.3,17619,In Stock,SWISS BEAUTY COSMETICS PVT LTD.,https://images.meesho.com/images/products/260950205/luaxa_512.webp,https://www.meesho.com/swiss-beauty-kiss-kandy-lip-balm-03-cherry/p/4bd2gt,Swiss Beauty Kiss Kandy Lip Balm - 03 Cherry (10 ml). Brand: Swiss Beauty. Size: 10 ml. Colour: 03 Cherry.,1,10 ml,Not specified,True,7 days,Varies by pincode,2026-10-09T20:18:40,category/beauty-&-health,meesho_scraped_20261009.csv
MEESHO_634648574,UrbanKart 3 in 1 Full Coverage Concealer Stick,Beauty & Health,Makeup,UrbanKart,114,105,8,3.6,355,In Stock,CosMos Bazaar,https://images.meesho.com/images/products/634648574/njmbz_512.webp,https://www.meesho.com/urbankart-3-in-1-full-coverage-concealer-stick-long-lasting-waterproof-concealer-lightweight-blendable-formula-for-dark-spots-highlighting-makeup-essentials/p/ahupz2,UrbanKart 3 in 1 Full Coverage Concealer Stick. Brand: UrbanKart. Size: 1 unit. Colour: 10 Light.,1,1 unit,Not specified,True,7 days,Varies by pincode,2026-10-09T20:19:00,category/beauty-&-health,meesho_scraped_20261009.csv
MEESHO_318495033,Eyetex Divya Kumkum 11 in 1 (17 g),Beauty & Health,Makeup,Eyetex,90,62,31,4.2,5622,In Stock,ARAVIND LABORATORIES,https://images.meesho.com/images/products/318495033/ukkxq_512.webp,https://www.meesho.com/eyetex-divyaa-kumkum-11-in-1-17g-full-coverage-smooth-finish-travel-friendly-skin-friendly-lightweight-single-stroke-application-fine-tip-precision-applicator/p/59mgc9,Eyetex Divya Kumkum 11 in 1 (17 g). Brand: Eyetex. Size: 17 g. Colour: Multicolor (11 shades).,1,17 g,Not specified,True,7 days,Varies by pincode,2026-10-09T20:19:20,category/beauty-&-health,meesho_scraped_20261009.csv
MEESHO_304105616,"Shryoan Rose Liquid Bridal Sindoor, Smudge-Proof (10 ml)",Beauty & Health,Makeup,Shryoan,199,123,38,4.2,12555,In Stock,Shryoan,https://images.meesho.com/images/products/304105616/ca5jg_512.webp,https://www.meesho.com/shryoan-rose-liquid-smudge-proof-waterproof-maroon-sindoor-full-coverage-natural-finish-paraben-free-for-bridal-travel-size-maroon/p/5121e8,"Shryoan Rose Liquid Bridal Sindoor, Smudge-Proof (10 ml). Brand: Shryoan. Size: 10 ml. Colour: Maroon.",1,10 ml,Not specified,True,7 days,Varies by pincode,2026-10-09T20:19:40,category/beauty-&-health,meesho_scraped_20261009.csv
MEESHO_426267222,Hilary Rhoda Quick Cream Blush 20 ml - Red Alert Shade 05,Beauty & Health,Makeup,Hilary Rhoda,229,188,18,4.2,7804,In Stock,Hilary Rhoda Bengaluru,https://images.meesho.com/images/products/426267222/nremx_512.webp,https://www.meesho.com/hilary-rhoda-quick-cream-blush-highly-pigmented-dewy-finish-long-lasting-buildable-coverage-weightless-easy-to-apply-cream-blush-20ml-red-alert-shade-05/p/71sdw6,Hilary Rhoda Quick Cream Blush 20 ml - Red Alert Shade 05. Brand: Hilary Rhoda. Size: 20 ml. Colour: Red Alert - Shade 05.,1,20 ml,Not specified,True,7 days,Varies by pincode,2026-10-09T20:20:00,category/beauty-&-health,meesho_scraped_20261009.csv
MEESHO_193210874,Faces Canada Weightless Stay Matte Compact Powder - Natural 02 (9 g),Beauty & Health,Makeup,Faces Canada,199,180,10,4.3,23334,In Stock,MANASH ECOM PVT. LTD.,https://images.meesho.com/images/products/193210874/mkbkb_512.webp,https://www.meesho.com/faces-canada-weightless-stay-matte-finish-compact-powder-natural-02-9g-spf-20-non-oily-matte-look-evens-out-complexion-prevents-acne-blends-effortlessly-pressed-powder-for-all-skin-types/p/3716gq,Faces Canada Weightless Stay Matte Compact Powder - Natural 02 (9 g). Brand: Faces Canada. Size: 9 g. Colour: Natural 02.,1,9 g,Not specified,True,7 days,Varies by pincode,2026-10-09T20:20:20,category/beauty-&-health,meesho_scraped_20261009.csv
MEESHO_475207086,"Valioso Amla, Reetha, Shikakai, Hibiscus & Bhringraj Hair Powder (50 g each, Pack of 5)",Beauty & Health,Hair Care,Valioso,147,78,47,4.4,39402,In Stock,Black Apple,https://images.meesho.com/images/products/475207086/3v9gz_512.webp,https://www.meesho.com/valioso-amla-reetha-shikakai-hibiscus-and-bhringraj-powder-for-hair-growth-50-gms-each-combo-pack-of-5/p/7uxc4u,"Valioso Amla, Reetha, Shikakai, Hibiscus & Bhringraj Hair Powder (50 g each, Pack of 5). Brand: Valioso. Size: 250 g (5 x 50 g).",1,250 g (5 x 50 g),Not specified,True,7 days,Varies by pincode,2026-10-09T20:20:40,category/beauty-&-health,meesho_scraped_20261009.csv
MEESHO_368162861,Vitamin E Capsules for Face and Hair (30 N),Beauty & Health,Health Supplements,Unbranded,597,79,87,4.0,562,In Stock,Best Choice Nutrition,https://images.meesho.com/images/products/368162861/xsnbh_512.webp,https://www.meesho.com/vitamin-e-for-face-and-hair-antioxidant-support-and-immunity-booster-controls-wrinkling-skin-dehydration-30-n/p/6370a5,Vitamin E Capsules for Face and Hair (30 N). Size: 30 capsules.,1,30 capsules,Not specified,True,7 days,Varies by pincode,2026-10-09T20:21:00,category/beauty-&-health,meesho_scraped_20261009.csv
MEESHO_359684014,Purna Glutathione Cola Flavour Gummies (30 N),Beauty & Health,Health Supplements,Purna,699,193,72,4.2,1958,In Stock,ASSIDUUS DISTRIBUTION PRIVATE LIMITED-MUMBAI,https://images.meesho.com/images/products/359684014/1drir_512.webp,https://www.meesho.com/purna-gummies-glutathione-cola-flavor-gummies-for-skin-whitening-immune-booster-1-daily/p/5y59ym,Purna Glutathione Cola Flavour Gummies (30 N). Brand: Purna. Size: 30 gummies.,1,30 gummies,Not specified,True,7 days,Varies by pincode,2026-10-09T20:21:20,category/beauty-&-health,meesho_scraped_20261009.csv
MEESHO_389337363,"PLIX Apple Cider Vinegar Effervescent Tablets with the Mother, 750 mg",Beauty & Health,Health Supplements,PLIX,360,257,29,4.1,5245,In Stock,PLIX THE PLANT FIX,https://images.meesho.com/images/products/389337363/oqww5_512.webp,https://www.meesho.com/plix-apple-cider-vinegar-effervescent-tablets-with-the-mother-750mg-acv-with-vit-b12-b6-pack-of-1-vegan-no-added-sugar-non-gmo-gluten-free/p/6fsumr,"PLIX Apple Cider Vinegar Effervescent Tablets with the Mother, 750 mg. Brand: PLIX. Size: Pack of 1.",1,Pack of 1,Not specified,True,7 days,Varies by pincode,2026-10-09T20:21:40,category/beauty-&-health,meesho_scraped_20261009.csv
MEESHO_457088730,Body Lotion Set of 3 (100 ml each),Beauty & Health,Personal Care,Unbranded,119,115,3,4.2,19521,In Stock,TRADING SOLUTION,https://images.meesho.com/images/products/457088730/s0yvj_512.webp,https://www.meesho.com/body-lotion-set-of-3-100-ml-each/p/7k4zx6,Body Lotion Set of 3 (100 ml each). Size: 3 x 100 ml.,1,3 x 100 ml,Not specified,True,7 days,Varies by pincode,2026-10-09T20:22:00,category/beauty-&-health,meesho_scraped_20261009.csv
MEESHO_459418763,NIVEA Soft Light Moisturizer (100 ml),Beauty & Health,Skincare,NIVEA,315,261,17,4.3,3666,In Stock,NIVEA COMPANY STORE,https://images.meesho.com/images/products/459418763/aq3mz_512.webp,https://www.meesho.com/nivea-soft-light-moisturizer-100ml/p/7lixsb,NIVEA Soft Light Moisturizer (100 ml). Brand: NIVEA. Size: 100 ml.,1,100 ml,Not specified,True,7 days,Varies by pincode,2026-10-09T20:22:20,category/beauty-&-health,meesho_scraped_20261009.csv
MEESHO_210970371,Muuchstac Ocean Face Wash for Men (100 ml),Beauty & Health,Skincare,Muuchstac,299,163,45,3.9,54331,In Stock,Triology Solutions,https://images.meesho.com/images/products/210970371/luaor_512.webp,https://www.meesho.com/muuchstac-ocean-face-wash-for-men-fight-acne-pimples-brighten-skin-clears-dirt-oil-control-refreshing-feel-multi-action-formula-100-ml/p/3hlts3,Muuchstac Ocean Face Wash for Men (100 ml). Brand: Muuchstac. Size: 100 ml.,1,100 ml,Not specified,True,7 days,Varies by pincode,2026-10-09T20:22:40,category/beauty-&-health,meesho_scraped_20261009.csv
MEESHO_530298965,Gillette Foamy Regular Shaving Foam (418 g),Beauty & Health,Personal Care,Gillette,290,207,29,4.3,982,In Stock,KALAWATI ENTERPRISES LIMITED,https://images.meesho.com/images/products/530298965/k6dr9_512.webp,https://www.meesho.com/gillette-shaving-foam-classis-regular-418g/p/8rq5at,Gillette Foamy Regular Shaving Foam (418 g). Brand: Gillette. Size: 418 g.,1,418 g,Not specified,True,7 days,Varies by pincode,2026-10-09T20:23:00,category/beauty-&-health,meesho_scraped_20261009.csv
MEESHO_537915118,Nat Habit De-Tan Ubtan for Skin Brightening (100 g),Beauty & Health,Skincare,Nat Habit,317,274,14,4.0,4765,In Stock,Naturohabit Private Limited - Blr,https://images.meesho.com/images/products/537915118/hrg8c_512.webp,https://www.meesho.com/nat-habit-skin-brightening-for-women-men-de-tan-ubtan-100g/p/8w9dym,Nat Habit De-Tan Ubtan for Skin Brightening (100 g). Brand: Nat Habit. Size: 100 g.,1,100 g,Not specified,True,7 days,Varies by pincode,2026-10-09T20:23:20,category/beauty-&-health,meesho_scraped_20261009.csv
MEESHO_186909137,Dermatouch Bright & Even Tone Face Wash with Niacinamide & Kojic Acid (70 g),Beauty & Health,Skincare,Dermatouch,279,213,24,4.4,33690,In Stock,CLOUD WELLNESS PRIVATE LIMITED,https://images.meesho.com/images/products/186909137/tpu0y_512.webp,https://www.meesho.com/dermatouch-bright-even-tone-with-niacinamide-vitamin-e-and-kojic-acid-face-wash-70g/p/33a40h,Dermatouch Bright & Even Tone Face Wash with Niacinamide & Kojic Acid (70 g). Brand: Dermatouch. Size: 70 g.,1,70 g,Not specified,True,7 days,Varies by pincode,2026-10-09T20:23:40,category/beauty-&-health,meesho_scraped_20261009.csv
MEESHO_425104880,Hilary Rhoda Ultimate Makeup Fixer Setting Spray 100 ml,Beauty & Health,Makeup,Hilary Rhoda,229,184,20,4.2,10701,In Stock,Hilary Rhoda,https://images.meesho.com/images/products/425104880/sn67f_512.webp,https://www.meesho.com/hilary-rhoda-ultimate-makeup-fixer-infused-with-niacinamide-hyaluronic-acid-hydrates-soothes-refreshes-skin-dual-action-weightless-formula-setting-spray-100-ml/p/713h0w,Hilary Rhoda Ultimate Makeup Fixer Setting Spray 100 ml. Brand: Hilary Rhoda. Size: 100 ml.,1,100 ml,Not specified,True,7 days,Varies by pincode,2026-10-09T20:24:00,category/beauty-&-health,meesho_scraped_20261009.csv
MEESHO_385066977,Swiss Beauty Cream It Up Blusher with Shea Butter - 1 Rosy Cheeks,Beauty & Health,Makeup,Swiss Beauty,299,240,20,4.2,5529,In Stock,SWISS BEAUTY COSMETICS PVT LTD.,https://images.meesho.com/images/products/385066977/guhx2_512.webp,https://www.meesho.com/swiss-beauty-cream-it-up-blusher-with-shea-butter-1-rosy-cheeks/p/6d9bkx,Swiss Beauty Cream It Up Blusher with Shea Butter - 1 Rosy Cheeks. Brand: Swiss Beauty. Colour: 1 Rosy Cheeks.,1,Free Size,Not specified,True,7 days,Varies by pincode,2026-10-09T20:24:20,category/beauty-&-health,meesho_scraped_20261009.csv
MEESHO_430183122,Just Herbs Retractable 2-in-1 Herbal Eyeliner + Kajal with Almond Oil & Vitamin E - Black 0.3 g,Beauty & Health,Makeup,Just Herbs,245,130,47,4.2,1051,In Stock,MARICO LIMITED,https://images.meesho.com/images/products/430183122/l2acq_512.webp,https://www.meesho.com/just-herbs-retractable-2-in-1-herbal-eyeliner-kajal-with-almond-oil-vitamin-e-smudgeproof-fadeproof-black-03g/p/744bf6,Just Herbs Retractable 2-in-1 Herbal Eyeliner + Kajal with Almond Oil & Vitamin E - Black 0.3 g. Brand: Just Herbs. Size: 0.3 g. Colour: Black.,1,0.3 g,Not specified,True,7 days,Varies by pincode,2026-10-09T20:24:40,category/beauty-&-health,meesho_scraped_20261009.csv
MEESHO_295081509,Mamaearth Rice Face Wash with Rice Water & Niacinamide for Glass Skin - 100 ml,Beauty & Health,Skincare,Mamaearth,269,229,15,4.4,38822,In Stock,MAMAEARTH_ KARNATAKA,https://images.meesho.com/images/products/295081509/jtz9q_512.webp,https://www.meesho.com/mamaearth-rice-face-wash-with-rice-water-niacinamide-for-glass-skin-100-ml/p/4vomcl,Mamaearth Rice Face Wash with Rice Water & Niacinamide for Glass Skin - 100 ml. Brand: Mamaearth. Size: 100 ml.,1,100 ml,Not specified,True,7 days,Varies by pincode,2026-10-09T20:25:00,category/beauty-&-health,meesho_scraped_20261009.csv
MEESHO_539286093,"Foxtale Super Glow Face Wash with Papaya Enzyme & Vitamin C, 100 ml",Beauty & Health,Skincare,Foxtale,249,197,21,4.3,7607,In Stock,FOXTALE CONSUMER PRIVATE LIMITED,https://images.meesho.com/images/products/539286093/lp45k_512.webp,https://www.meesho.com/foxtale-super-glow-face-wash-with-papaya-enzyme-vitamin-c-for-tan-removal-glowing-skin-100-ml/p/8x2rt9,"Foxtale Super Glow Face Wash with Papaya Enzyme & Vitamin C, 100 ml. Brand: Foxtale. Size: 100 ml.",1,100 ml,Not specified,True,7 days,Varies by pincode,2026-10-09T20:25:20,category/beauty-&-health,meesho_scraped_20261009.csv
MEESHO_535012179,Pilgrim Korean Rice Water Hydra Glow Moisturizer 100 g,Beauty & Health,Skincare,Pilgrim,449,293,35,4.4,11607,In Stock,Heavenly Secrets Private Limited,https://images.meesho.com/images/products/535012179/gv8s5_512.webp,https://www.meesho.com/pilgrim-korean-rice-water-hydra-glow-moisturizer-100gm-with-5-hyaluronic-acids-3-niacinamide-5-ceramides-5x-hydration-instant-glass-skin-oil-free-lightweight-gel-for-all-skin-types-for-women-men-100gm/p/8uj61f,Pilgrim Korean Rice Water Hydra Glow Moisturizer 100 g. Brand: Pilgrim. Size: 100 g.,1,100 g,Not specified,True,7 days,Varies by pincode,2026-10-09T20:25:40,category/beauty-&-health,meesho_scraped_20261009.csv
MEESHO_468356636,Pond's Light Moisturizer 100 ml,Beauty & Health,Skincare,Pond's,340,187,45,4.3,6923,In Stock,PAVAN E-MARKETING_Karnataka,https://images.meesho.com/images/products/468356636/c46gm_512.webp,https://www.meesho.com/ponds-light-moisturizer-100ml/p/7quiak,Pond's Light Moisturizer 100 ml. Brand: Pond's. Size: 100 ml.,1,100 ml,Not specified,True,7 days,Varies by pincode,2026-10-09T20:26:00,category/beauty-&-health,meesho_scraped_20261009.csv
MEESHO_195857132,"Mamaearth Vitamin C Nourishing Cold Cream for Face & Body with Honey, 100 g",Beauty & Health,Skincare,Mamaearth,199,197,1,4.1,6338,In Stock,MAMAEARTH_KOLKATA,https://images.meesho.com/images/products/195857132/jx3zl_512.webp,https://www.meesho.com/mamaearth-vitamin-c-nourishing-cold-cream-for-face-body-with-vitamin-c-honey-for-illuminating-moisturization-100g/p/38lwbw,"Mamaearth Vitamin C Nourishing Cold Cream for Face & Body with Honey, 100 g. Brand: Mamaearth. Size: 100 g.",1,100 g,Not specified,True,7 days,Varies by pincode,2026-10-09T20:26:20,category/beauty-&-health,meesho_scraped_20261009.csv
MEESHO_374676670,"FACES CANADA All Day Hydra Matte Foundation with SPF 30 - Medium Natural, 18 ml",Beauty & Health,Makeup,FACES CANADA,325,296,9,3.8,9434,In Stock,Manash Ecom Pvt. Ltd - CCU,https://images.meesho.com/images/products/374676670/ji7jt_512.webp,https://www.meesho.com/faces-canada-all-day-hydra-matte-foundation-3-in-1-foundation-moisturizer-spf-30-24-hr-aloe-hydration-vitamin-c-10hr-long-wear-medium-to-high-buildable-coverage-waterproof-medium-natural-18ml/p/672mda,"FACES CANADA All Day Hydra Matte Foundation with SPF 30 - Medium Natural, 18 ml. Brand: FACES CANADA. Size: 18 ml. Colour: Medium Natural.",1,18 ml,Not specified,True,7 days,Varies by pincode,2026-10-09T20:26:40,category/beauty-&-health,meesho_scraped_20261009.csv
MEESHO_537871104,Parachute Advansed Aloe Vera Enriched Coconut Hair Oil Gold 400 ml,Beauty & Health,Hair Care,Parachute Advansed,375,179,52,4.3,8869,In Stock,MARICO LTD.,https://images.meesho.com/images/products/537871104/oopzj_512.webp,https://www.meesho.com/parachute-advansed-aloe-vera-enriched-coconut-hair-oil-gold-5x-aloe-vera-with-coconut-oil-makes-hair-sooperr-soft-400ml/p/8w8g00,Parachute Advansed Aloe Vera Enriched Coconut Hair Oil Gold 400 ml. Brand: Parachute Advansed. Size: 400 ml.,1,400 ml,Not specified,True,7 days,Varies by pincode,2026-10-09T20:27:00,category/beauty-&-health,meesho_scraped_20261009.csv
MEESHO_468368195,Dove 10 in 1 Deep Repair Treatment Hair Mask 120 ml,Beauty & Health,Hair Care,Dove,249,169,32,4.4,5338,In Stock,PAVAN E-MARKETING_Karnataka,https://images.meesho.com/images/products/468368195/gpda0_512.webp,https://www.meesho.com/dove-10-in-1-deep-repair-treatment-hair-mask-120-ml/p/7qur7n,Dove 10 in 1 Deep Repair Treatment Hair Mask 120 ml. Brand: Dove. Size: 120 ml.,1,120 ml,Not specified,True,7 days,Varies by pincode,2026-10-09T20:27:20,category/beauty-&-health,meesho_scraped_20261009.csv
MEESHO_485599744,Dove Intense Repair Conditioner 175 ml,Beauty & Health,Hair Care,Dove,313,168,46,4.3,5850,In Stock,Fatehpuria Hygiene Private Limited,https://images.meesho.com/images/products/485599744/mqta8_512.webp,https://www.meesho.com/dove-intense-repair-conditioner-175-ml/p/81435s,Dove Intense Repair Conditioner 175 ml. Brand: Dove. Size: 175 ml.,1,175 ml,Not specified,True,7 days,Varies by pincode,2026-10-09T20:27:40,category/beauty-&-health,meesho_scraped_20261009.csv
MEESHO_466468647,Wellcore Pure Micronised Creatine Monohydrate 122 g (33 Servings) - Tropical Tango,Beauty & Health,Health Supplements,Wellcore,749,692,8,4.1,4649,In Stock,Wellversed Health,https://images.meesho.com/images/products/466468647/rcrbj_512.webp,https://www.meesho.com/wellcore-pure-micronised-creatine-monohydrate-122g-33-servings-tropical-tango/p/7pq1if,Wellcore Pure Micronised Creatine Monohydrate 122 g (33 Servings) - Tropical Tango. Brand: Wellcore. Size: 122 g.,1,122 g,Not specified,True,7 days,Varies by pincode,2026-10-09T20:28:00,category/beauty-&-health,meesho_scraped_20261009.csv
MEESHO_466299380,Endura Mass Weight Gainer Powder 500 g - Chocolate Flavour,Beauty & Health,Health Supplements,Endura,749,442,41,4.3,1333,In Stock,JHAKAAS RETAIL PRIVATE LIMITED-BENGALURU,https://images.meesho.com/images/products/466299380/cwfwt_512.webp,https://www.meesho.com/endura-mass-weight-gainer-powder-500-g-chocolate-flavourunique-blend-of-3-sources-of-proteincarbsvitamins-essential-mineralsfor-children-above-10-yearsmenwomen-athletes1-count16-servings/p/7pmewk,Endura Mass Weight Gainer Powder 500 g - Chocolate Flavour. Brand: Endura. Size: 500 g.,1,500 g,Not specified,True,7 days,Varies by pincode,2026-10-09T20:28:20,category/beauty-&-health,meesho_scraped_20261009.csv
MEESHO_490420964,NIVEA Body Milk Nourishing Body Lotion 600 ml,Beauty & Health,Personal Care,NIVEA,860,391,55,4.3,4648,In Stock,NIVEA COMPANY STORE,https://images.meesho.com/images/products/490420964/mxvpz_512.webp,https://www.meesho.com/nivea-body-milk-nourishing-body-lotion-600ml/p/83zf8k,NIVEA Body Milk Nourishing Body Lotion 600 ml. Brand: NIVEA. Size: 600 ml.,1,600 ml,Not specified,True,7 days,Varies by pincode,2026-10-09T20:28:40,category/beauty-&-health,meesho_scraped_20261009.csv
MEESHO_501054143,Vaseline Intensive Care Cocoa Glow Body Lotion 200 ml,Beauty & Health,Personal Care,Vaseline,285,190,33,4.4,948,In Stock,Pavan E-Marketing_West Bengal,https://images.meesho.com/images/products/501054143/7vnkl_512.webp,https://www.meesho.com/vaseline-intensive-care-cocoa-glow-body-lotion-200-ml/p/8abbun,Vaseline Intensive Care Cocoa Glow Body Lotion 200 ml. Brand: Vaseline. Size: 200 ml.,1,200 ml,Not specified,True,7 days,Varies by pincode,2026-10-09T20:29:00,category/beauty-&-health,meesho_scraped_20261009.csv
MEESHO_513683409,"mCaffeine Sweet Escape Perfume Body Lotion with 48 Hr Moisturization, 300 ml",Beauty & Health,Personal Care,mCaffeine,499,261,48,4.3,5797,In Stock,PEP TECHNOLOGIES PRIVATE LIMITED_BLR,https://images.meesho.com/images/products/513683409/tjjih_512.webp,https://www.meesho.com/mcaffeine-sweet-escape-perfume-body-lotion-48-hr-moisturization-long-lasting-fragrance-soft-skin-300ml/p/8hu0nl,"mCaffeine Sweet Escape Perfume Body Lotion with 48 Hr Moisturization, 300 ml. Brand: mCaffeine. Size: 300 ml.",1,300 ml,Not specified,True,7 days,Varies by pincode,2026-10-09T20:29:20,category/beauty-&-health,meesho_scraped_20261009.csv
MEESHO_41046210,Swiss Beauty Liquid Concealer - 02 Sand Sable,Beauty & Health,Makeup,Swiss Beauty,249,191,23,4.4,19790,In Stock,SWISS BEAUTY COSMETICS PVT LTD.,https://images.meesho.com/images/products/41046210/g591q_512.webp,https://www.meesho.com/swiss-beauty-liquid-concealer-02-sand-sable/p/ofrgi,Swiss Beauty Liquid Concealer - 02 Sand Sable. Brand: Swiss Beauty. Colour: 02 Sand Sable.,1,Free Size,Not specified,True,7 days,Varies by pincode,2026-10-09T20:29:40,category/beauty-&-health,meesho_scraped_20261009.csv
MEESHO_529658588,Hilary Rhoda Skin Shine Strobe Cream 2-in-1 Highlighter & Moisturiser 25 ml - Sterling Silver Shade 01,Beauty & Health,Makeup,Hilary Rhoda,249,199,20,4.0,8367,In Stock,Hilary Rhoda,https://images.meesho.com/images/products/529658588/xtyfg_512.webp,https://www.meesho.com/hilary-rhoda-skin-shine-strobe-cream-2-in-1-highlighter-moisturiser-shea-butter-hyaluronic-acid-intense-hydration-weightless-formula-luminous-finish-25ml-sterling-silver-shade-01/p/8rcf6k,Hilary Rhoda Skin Shine Strobe Cream 2-in-1 Highlighter & Moisturiser 25 ml - Sterling Silver Shade 01. Brand: Hilary Rhoda. Size: 25 ml. Colour: Sterling Silver - Shade 01.,1,25 ml,Not specified,True,7 days,Varies by pincode,2026-10-09T20:30:00,category/beauty-&-health,meesho_scraped_20261009.csv
MEESHO_455330789,Pilgrim Spanish Rosemary Water Hair Spray with Biotin 100 ml,Beauty & Health,Hair Care,Pilgrim,238,166,30,4.2,5017,In Stock,PILGRIM_HYD,https://images.meesho.com/images/products/455330789/awwpv_512.webp,https://www.meesho.com/pilgrim-spanish-rosemary-water-spray-with-biotin-for-hair-growth-100ml-hair-spray-for-regrowth-thicker-stronger-hair-sulphate-paraben-free-i-for-women-men-100ml/p/7j3bhh,Pilgrim Spanish Rosemary Water Hair Spray with Biotin 100 ml. Brand: Pilgrim. Size: 100 ml.,1,100 ml,Not specified,True,7 days,Varies by pincode,2026-10-09T20:30:20,category/beauty-&-health,meesho_scraped_20261009.csv
MEESHO_449355800,Mamaearth Rice Face Wash 50 ml,Beauty & Health,Skincare,Mamaearth,125,93,26,4.1,18318,In Stock,MAMAEARTH_ MAHARASHTRA,https://images.meesho.com/images/products/449355800/tho6k_512.webp,https://www.meesho.com/mamaearth-rice-face-wash-50-ml/p/7fj95k,Mamaearth Rice Face Wash 50 ml. Brand: Mamaearth. Size: 50 ml.,1,50 ml,Not specified,True,7 days,Varies by pincode,2026-10-09T20:30:40,category/beauty-&-health,meesho_scraped_20261009.csv
MEESHO_466437911,Hilary Rhoda Shimmer Stay Makeup Fixer with Aloe Vera 80 ml,Beauty & Health,Makeup,Hilary Rhoda,199,170,15,4.2,11157,In Stock,Hilary Rhoda,https://images.meesho.com/images/products/466437911/d9b0z_512.webp,https://www.meesho.com/hilary-rhoda-shimmer-stay-makeup-fixer-infused-with-aloe-vera-cruelty-free-vegan-keeps-makeup-intact-hydrates-soothes-refreshes-skin-80ml/p/7ppdsn,Hilary Rhoda Shimmer Stay Makeup Fixer with Aloe Vera 80 ml. Brand: Hilary Rhoda. Size: 80 ml.,1,80 ml,Not specified,True,7 days,Varies by pincode,2026-10-09T20:31:00,category/beauty-&-health,meesho_scraped_20261009.csv
MEESHO_95449934,Lycan Smash Double Shaft Badminton Kit with 3 Shuttlecocks,Sports & Fitness,Sports & Fitness,Lycan,499,208,58,4.0,3483,In Stock,sawroop industries,https://images.meesho.com/images/products/95449934/yymkn_512.webp,https://www.meesho.com/lycan-smash-double-shaft-double-wiring-soft-grip-with-3pc-shuttle-cock-badminton-kit/p/1kttn2,Pair of soft-grip badminton racquets with 3 shuttlecocks. Colour: Multicolor.,1,Free Size,Alloy Steel,True,7 days,Varies by pincode,2026-10-09T20:31:20,category/sports-&-fitness,meesho_scraped_20261009.csv
MEESHO_149006278,"Rubber Football, Size 5",Sports & Fitness,Sports & Fitness,Unbranded,253,244,4,3.8,772,In Stock,M/S SHUBHAM SPORT,https://images.meesho.com/images/products/149006278/wcdgn_512.webp,https://www.meesho.com/rubber-football-size-5/p/2gppza,Size 5 rubber football. Colour: Black.,1,Size 5,Rubber,True,7 days,Varies by pincode,2026-10-09T20:31:40,category/sports-&-fitness,meesho_scraped_20261009.csv
MEESHO_995355074,MV Combo Badminton with 1 Free Rope,Sports & Fitness,Sports & Fitness,MV,285,232,19,2.7,1,In Stock,MV_ENTERPRISES,https://images.meesho.com/images/products/995355074/5yp67_512.webp,https://www.meesho.com/mv-combo-badminton-with-1-free-rope/p/gglww2,Badminton racquet combo with a free skipping rope. Colour: Multicolor.,1,Free Size,Graphite,True,7 days,Varies by pincode,2026-10-09T20:32:00,category/sports-&-fitness,meesho_scraped_20261009.csv
MEESHO_148980961,Football Rugby Black (Size 3),Sports & Fitness,Sports & Fitness,Unbranded,276,266,4,3.8,2485,In Stock,M/S SHUBHAM SPORT,https://images.meesho.com/images/products/148980961/hmzmp_512.webp,https://www.meesho.com/football-rugby-black-3-no/p/2gp6g1,Size 3 football for kids. Colour: Multicolour.,1,Size 3,Not specified,True,7 days,Varies by pincode,2026-10-09T20:32:20,category/sports-&-fitness,meesho_scraped_20261009.csv
MEESHO_458452916,Black and White Football Size 5 (with Air Pin),Sports & Fitness,Sports & Fitness,Unbranded,251,251,0,3.8,165,In Stock,AKSH ENTERPRISES1,https://images.meesho.com/images/products/458452916/mndvc_512.webp,https://www.meesho.com/black-and-white-football-size-5-pack-of-1-football1-air-pin/p/7ky8j8,Size 5 black and white football with air pin. Colour: Multicolour.,1,Size 5,Not specified,True,7 days,Varies by pincode,2026-10-09T20:32:40,category/sports-&-fitness,meesho_scraped_20261009.csv
MEESHO_364654289,4 mm Eco-Friendly Yoga Mat with Carry Strap (Army Green),Sports & Fitness,Sports & Fitness,Unbranded,130,130,0,3.6,761,In Stock,DS RETAIL INDIA,https://images.meesho.com/images/products/364654289/yxzn1_512.webp,https://www.meesho.com/4mm-yoga-mat-environment-friendly-easy-to-carry-with-carry-strap-for-workout-yoga-fitness-and-meditation-army-green/p/613t1t,4 mm Eco-Friendly Yoga Mat with Carry Strap (Army Green). Material: EVA. Size: 4 mm. Colour: Green.,1,4 mm,EVA,True,7 days,Varies by pincode,2026-10-09T20:33:00,category/sports-&-fitness,meesho_scraped_20261009.csv
MEESHO_354588265,4 mm Eco-Friendly Yoga Mat with Carry Strap (Purple),Sports & Fitness,Sports & Fitness,Unbranded,176,176,0,3.7,348,In Stock,Guptaji yoga mat,https://images.meesho.com/images/products/354588265/chcgs_512.webp,https://www.meesho.com/4mm-yoga-mat-environment-friendly-easy-to-carry-with-carry-strap/p/5v4221,4 mm Eco-Friendly Yoga Mat with Carry Strap (Purple). Material: EVA. Size: 4 mm. Colour: Purple.,1,4 mm,EVA,True,7 days,Varies by pincode,2026-10-09T20:33:20,category/sports-&-fitness,meesho_scraped_20261009.csv
MEESHO_270194147,4 mm Yoga Mat for Exercise (Maroon),Sports & Fitness,Sports & Fitness,Unbranded,182,182,0,3.6,29,In Stock,SUPER SAVING INDIA,https://images.meesho.com/images/products/270194147/pidrd_512.webp,https://www.meesho.com/yoga-mat-for-exercise-4mm-maroon-color-yoga-mat/p/4gv74z,4 mm Yoga Mat for Exercise (Maroon). Material: EVA. Size: 4 mm. Colour: Maroon.,1,4 mm,EVA,True,7 days,Varies by pincode,2026-10-09T20:33:40,category/sports-&-fitness,meesho_scraped_20261009.csv
MEESHO_507030846,4 mm Black Yoga Mat with Carry Strap,Sports & Fitness,Sports & Fitness,Unbranded,188,188,0,3.6,118,In Stock,Yoga Hive co.,https://images.meesho.com/images/products/507030846/5d45q_512.webp,https://www.meesho.com/4mm-black-yoga-mat-with-carry-strap/p/8dvfi6,4 mm Black Yoga Mat with Carry Strap. Material: EVA. Size: 4 mm. Colour: Black.,1,4 mm,EVA,True,7 days,Varies by pincode,2026-10-09T20:34:00,category/sports-&-fitness,meesho_scraped_20261009.csv
MEESHO_408907208,Yoga Mat Carry Bag for 4-10 mm Mats,Sports & Fitness,Sports & Fitness,Unbranded,107,107,0,4.0,1474,In Stock,MKS CREATION,https://images.meesho.com/images/products/408907208/ioups_512.webp,https://www.meesho.com/yoga-mat-carry-bag-for-4mm-10mm-yoga-mats-non-woven-fabric/p/6rgatk,Yoga Mat Carry Bag for 4-10 mm Mats. Material: Non-woven Fabric. Colour: Not specified.,1,Free Size,Non-woven Fabric,True,7 days,Varies by pincode,2026-10-09T20:34:20,category/sports-&-fitness,meesho_scraped_20261009.csv
MEESHO_354577321,4 mm Eco-Friendly Yoga Mat with Carry Strap,Sports & Fitness,Sports & Fitness,Unbranded,176,167,5,3.7,102,In Stock,Guptaji yoga mat,https://images.meesho.com/images/products/354577321/t85zi_512.webp,https://www.meesho.com/4mm-yoga-mat-environment-friendly-easy-to-carry-with-carry-strap/p/5v3tm1,4 mm Eco-Friendly Yoga Mat with Carry Strap. Material: EVA. Size: 4 mm. Colour: Purple.,1,4 mm,EVA,True,7 days,Varies by pincode,2026-10-09T20:34:40,category/sports-&-fitness,meesho_scraped_20261009.csv
MEESHO_357018740,BoldFire Double Resistance Toning Tube,Sports & Fitness,Sports & Fitness,BoldFire,153,140,8,3.6,7229,In Stock,TRENDING SALES,https://images.meesho.com/images/products/357018740/wn3zq_512.webp,https://www.meesho.com/boldfire-resistance-double-toning-tube-pull-rope-elastic-resistance-bands-fitness-rope-rubber-bands-for-fitness-exercise-double-resistance-tube/p/5wk5f8,BoldFire Double Resistance Toning Tube. Brand: BoldFire. Material: Latex. Colour: Black.,1,Free Size,Latex,True,7 days,Varies by pincode,2026-10-09T20:35:00,category/sports-&-fitness,meesho_scraped_20261009.csv
MEESHO_544453196,Epurchase Single Resistance Toning Tube with D Handle,Sports & Fitness,Sports & Fitness,Epurchase,138,138,0,3.9,1057,In Stock,AARAV BAGS,https://images.meesho.com/images/products/544453196/gueuh_512.webp,https://www.meesho.com/epurchase-single-resistance-bands-toning-tube-exerciser-with-d-handle-fitness-rope-resistance-tube-multicolor/p/905irw,Epurchase Single Resistance Toning Tube with D Handle. Brand: Epurchase. Material: Latex. Colour: Black.,1,Free Size,Latex,True,7 days,Varies by pincode,2026-10-09T20:35:20,category/sports-&-fitness,meesho_scraped_20261009.csv
MEESHO_478285152,Dragonfly Resistance Toning Tube with Soft V-Grip Handle,Sports & Fitness,Sports & Fitness,Dragonfly Store,170,162,5,3.7,581,In Stock,Dragonfly Store,https://images.meesho.com/images/products/478285152/0irk2_512.webp,https://www.meesho.com/dragonfly-store-full-comfortable-and-flexible-gyming-exercise-resistance-toning-tube-soft-v-grip-handle-use-for-gymyoga-and-other-fitness-activity-vhand-grip/p/7wrb6o,Dragonfly Resistance Toning Tube with Soft V-Grip Handle. Brand: Dragonfly Store. Material: Rubber. Colour: Black.,1,Free Size,Rubber,True,7 days,Varies by pincode,2026-10-09T20:35:40,category/sports-&-fitness,meesho_scraped_20261009.csv
MEESHO_439032957,11-Piece Resistance Bands Set with Door Anchor & Ankle Straps,Sports & Fitness,Sports & Fitness,Unbranded,272,245,10,3.8,137,In Stock,Accessories Vends,https://images.meesho.com/images/products/439032957/6jyaj_512.webp,https://www.meesho.com/11-piece-resistance-exercise-bands-set-with-door-anchor-handles-ankle-straps-elastic-bands-for-men-women-home-gym-strength-training-pull-ups-and-full-body-workouts/p/79dzzx,11-Piece Resistance Bands Set with Door Anchor & Ankle Straps. Material: Rubber. Colour: Multicolor.,1,Free Size,Rubber,True,7 days,Varies by pincode,2026-10-09T20:36:00,category/sports-&-fitness,meesho_scraped_20261009.csv
MEESHO_349670694,Tummy Trimmer for Abs Workout (Black),Sports & Fitness,Sports & Fitness,Unbranded,157,144,8,4.1,6106,In Stock,FITNESS STORE,https://images.meesho.com/images/products/349670694/k0ymb_512.webp,https://www.meesho.com/tummy-trimmer-men-and-women-for-abs-workout-stomach-machine-exercise-in-gym-home-for-abdominal-workout-for-man-and-women-black/p/5s6nmu,Tummy Trimmer for Abs Workout (Black). Material: Metal. Colour: Black.,1,Free Size,Metal,True,7 days,Varies by pincode,2026-10-09T20:36:20,category/sports-&-fitness,meesho_scraped_20261009.csv
MEESHO_430361013,Lycan Cricket Wind Ball (Pack of 3),Sports & Fitness,Sports & Fitness,Lycan,299,210,30,4.2,1445,In Stock,sawroop industries,https://images.meesho.com/images/products/430361013/hs8th_512.webp,https://www.meesho.com/lycan-cricket-wind-ball-pack-of-3pc/p/7484ol,Lycan Cricket Wind Ball (Pack of 3). Brand: Lycan. Material: Acrylonitrile. Colour: Multicolor.,1,Free Size,Acrylonitrile,True,7 days,Varies by pincode,2026-10-09T20:36:40,category/sports-&-fitness,meesho_scraped_20261009.csv
MEESHO_428455659,Full Size Hard Plastic Tennis Cricket Bat,Sports & Fitness,Sports & Fitness,Unbranded,1199,228,81,3.9,3340,In Stock,sawroop industries,https://images.meesho.com/images/products/428455659/cplu5_512.webp,https://www.meesho.com/cricket-bat-hard-plastic-bat-full-size-tennis-cricket-bat-for-adults-heavy-duty-fiber-bat/p/733ai3,Full Size Hard Plastic Tennis Cricket Bat. Material: Hard Plastic / Fibre. Size: Full Size. Colour: Black.,1,Full Size,Hard Plastic / Fibre,True,7 days,Varies by pincode,2026-10-09T20:37:00,category/sports-&-fitness,meesho_scraped_20261009.csv
MEESHO_61704863,"Rubber Cricket Tennis Ball (Red, Pack of 3)",Sports & Fitness,Sports & Fitness,Unbranded,499,137,73,4.1,296,In Stock,sawroop industries,https://images.meesho.com/images/products/61704863/lvthn_512.webp,https://www.meesho.com/cricket-tennis-ball-light-weight-made-of-rubber-for-cricket-training-red-pack-of-3/p/10qjrz,"Rubber Cricket Tennis Ball (Red, Pack of 3). Material: Rubber. Colour: Red.",1,Free Size,Rubber,True,7 days,Varies by pincode,2026-10-09T20:37:20,category/sports-&-fitness,meesho_scraped_20261009.csv
MEESHO_542220511,Hanging Tennis Ball for Cricket Practice (3.5 m),Sports & Fitness,Sports & Fitness,Unbranded,146,140,4,4.0,1362,In Stock,Vashu Sports & Creation,https://images.meesho.com/images/products/542220511/mv3zj_512.webp,https://www.meesho.com/hanging-tennis-ball-35m-green-pack-of-1/p/8yto0v,Hanging Tennis Ball for Cricket Practice (3.5 m). Material: Rubber. Size: 3.5 m cord. Colour: Green.,1,3.5 m cord,Rubber,True,7 days,Varies by pincode,2026-10-09T20:37:40,category/sports-&-fitness,meesho_scraped_20261009.csv
MEESHO_416735571,Bat Grip Applicator Cone with 2 White Bat Grips,Sports & Fitness,Sports & Fitness,Merry Shopping,170,161,5,4.1,695,In Stock,Merry Shopping,https://images.meesho.com/images/products/416735571/u503z_512.webp,https://www.meesho.com/merry-shopping-bat-applicator-cone-with-2-white-bat-premium-grips-set-consists-of-2-white-bat-grips-with-a-wooden-cone/p/6w4383,"Bat Grip Applicator Cone with 2 White Bat Grips. Brand: Merry Shopping. Material: Soft Rubber, Wood. Colour: White.",1,Free Size,"Soft Rubber, Wood",True,7 days,Varies by pincode,2026-10-09T20:38:00,category/sports-&-fitness,meesho_scraped_20261009.csv
MEESHO_264253104,Cricket Abdominal Guard (L-Guard) for Men & Youth,Sports & Fitness,Sports & Fitness,Unbranded,110,110,0,4.1,430,In Stock,KALYANI SHOPPING CENTER,https://images.meesho.com/images/products/264253104/ekhfi_512.webp,https://www.meesho.com/cricket-abdominal-pad-l-guard-for-men-youth-strong-protection/p/4dbv00,Cricket Abdominal Guard (L-Guard) for Men & Youth. Material: Rubber. Size: M. Colour: White.,1,M,Rubber,True,7 days,Varies by pincode,2026-10-09T20:38:20,category/sports-&-fitness,meesho_scraped_20261009.csv
MEESHO_413203546,Feather Shuttlecock for Badminton (Pack of 10),Sports & Fitness,Sports & Fitness,Unbranded,152,152,0,3.8,752,In Stock,KALYANI SHOPPING CENTER,https://images.meesho.com/images/products/413203546/osurl_512.webp,https://www.meesho.com/10ps-feather-shuttle-cock-speed-for-badminton/p/6u0dwa,Feather Shuttlecock for Badminton (Pack of 10). Material: Feather. Colour: Not specified.,1,Free Size,Feather,True,7 days,Varies by pincode,2026-10-09T20:38:40,category/sports-&-fitness,meesho_scraped_20261009.csv
MEESHO_139590238,"PVC Football with Air Pump, Size 5 (Multicolor)",Sports & Fitness,Sports & Fitness,Unbranded,396,381,4,3.8,2669,In Stock,M/S SHUBHAM SPORT,https://images.meesho.com/images/products/139590238/poyc2_512.webp,https://www.meesho.com/pvc-football-with-air-pump-football-size-5-pack-of-1-multicolor/p/2b3wim,"PVC Football with Air Pump, Size 5 (Multicolor). Material: PVC. Colour: Multicolor.",1,Free Size,PVC,True,7 days,Varies by pincode,2026-10-09T20:39:00,category/sports-&-fitness,meesho_scraped_20261009.csv
MEESHO_541052944,SLOVIC Size 5 Football for Kids and Adults (Black & White),Sports & Fitness,Sports & Fitness,SLOVIC,749,342,54,3.8,610,In Stock,Powerhouse 91 Consumer good india pvt ltd.,https://images.meesho.com/images/products/541052944/lvqcn_512.webp,https://www.meesho.com/slovic-football-for-kids-hard-ground-foot-ball-ideal-for-grass-ground-artificial-turf-training-foot-ball-soccer-ball-street-football-for-men-women-gift-for-kids-black-white-size-5/p/8y4n4g,SLOVIC Size 5 Football for Kids and Adults (Black & White). Brand: SLOVIC. Colour: Black & White.,1,Free Size,Not specified,True,7 days,Varies by pincode,2026-10-09T20:39:20,category/sports-&-fitness,meesho_scraped_20261009.csv
MEESHO_301507139,BoldFire Adjustable Counter Hand Gripper (5-60 kg),Sports & Fitness,Sports & Fitness,BoldFire,167,167,0,4.1,10270,In Stock,Trendzoo,https://images.meesho.com/images/products/301507139/bdonv_512.webp,https://www.meesho.com/boldfire-adjustable-counter-hand-gripper-5-60kg-spring-hand-exerciser-finger-exerciser-hand-grip-strengthener/p/4ziceb,BoldFire Adjustable Counter Hand Gripper (5-60 kg). Brand: BoldFire. Material: Plastic. Colour: Black.,1,Free Size,Plastic,True,7 days,Varies by pincode,2026-10-09T20:39:40,category/sports-&-fitness,meesho_scraped_20261009.csv
MEESHO_83179242,"uRock Hand Gripper, Adjustable 10-40 kg (Black)",Sports & Fitness,Sports & Fitness,uRock,162,154,5,4.3,15,In Stock,SHOPIT NA,https://images.meesho.com/images/products/83179242/xxd3p_512.webp,https://www.meesho.com/urock-hand-gripper-best-hand-exerciser-grip-strengthener-adjustable-10-kg-to-40-kg-black/p/1ditii,"uRock Hand Gripper, Adjustable 10-40 kg (Black). Brand: uRock. Material: Plastic. Colour: Black.",1,Free Size,Plastic,True,7 days,Varies by pincode,2026-10-09T20:40:00,category/sports-&-fitness,meesho_scraped_20261009.csv
MEESHO_541216772,"ALFA ZONE Waterproof Silicone Swimming Cap (Pack of 2, Multicolor)",Sports & Fitness,Sports & Fitness,ALFA ZONE,174,167,4,3.9,346,In Stock,ALFA ZONE,https://images.meesho.com/images/products/541216772/0qv9y_512.webp,https://www.meesho.com/alfa-zone-waterproof-silicone-swimming-cap-for-womangirls-and-menboys-silicone-surfing-and-swimming-caps-multi-color-pack-of-2/p/8y85j8,"ALFA ZONE Waterproof Silicone Swimming Cap (Pack of 2, Multicolor). Brand: ALFA ZONE. Material: Silicone. Colour: Multicolor.",1,Free Size,Silicone,True,7 days,Varies by pincode,2026-10-09T20:40:20,category/sports-&-fitness,meesho_scraped_20261009.csv
MEESHO_523991972,Anti-Fog UV Protected Swimming Goggles with Adjustable Straps (Grey),Sports & Fitness,Sports & Fitness,Unbranded,304,290,5,4.0,146,In Stock,Rutvik Enterprise,https://images.meesho.com/images/products/523991972/upbi9_512.webp,https://www.meesho.com/swimming-goggles-for-men-grey-swimming-goggles-for-women-anti-fog-uv-protected-swimming-glasses-for-men-women-unisex-swimming-accessories-leaf-proof-goggle-with-adjustable-straps/p/8nyysk,Anti-Fog UV Protected Swimming Goggles with Adjustable Straps (Grey). Material: Acrylonitrile. Colour: Grey.,1,Free Size,Acrylonitrile,True,7 days,Varies by pincode,2026-10-09T20:40:40,category/sports-&-fitness,meesho_scraped_20261009.csv
MEESHO_408965848,Steel Cycle Air Pump,Sports & Fitness,Sports & Fitness,Unbranded,174,174,0,3.8,1120,In Stock,SHREE SHYAM ENTERPRISES LTD.,https://images.meesho.com/images/products/408965848/8r3aq_512.webp,https://www.meesho.com/cycle-air-pump-premium-quality/p/6rhk2g,Steel Cycle Air Pump. Material: Steel. Colour: Multicolor.,1,Free Size,Steel,True,7 days,Varies by pincode,2026-10-09T20:41:00,category/sports-&-fitness,meesho_scraped_20261009.csv
MEESHO_539640858,HIGHRIDER 3-in-1 USB Rechargeable Bicycle Horn and LED Front Light (3 Modes),Sports & Fitness,Sports & Fitness,HIGHRIDER,138,130,6,4.1,400,In Stock,HIGHRIDER,https://images.meesho.com/images/products/539640858/lefbc_512.webp,https://www.meesho.com/highrider-3-in-1-usb-rechargeable-bicyclebike-horn-and-led-front-light-3-modes/p/8xadju,HIGHRIDER 3-in-1 USB Rechargeable Bicycle Horn and LED Front Light (3 Modes). Brand: HIGHRIDER. Colour: Black.,1,Free Size,Not specified,True,7 days,Varies by pincode,2026-10-09T20:41:20,category/sports-&-fitness,meesho_scraped_20261009.csv
MEESHO_85410773,"REBOUND BICYCLES 13-in-1 Multifunctional Bicycle Repair Toolkit (Steel, Black)",Sports & Fitness,Sports & Fitness,REBOUND BICYCLES,145,145,0,3.9,1881,In Stock,REBOUNDINDIA,https://images.meesho.com/images/products/85410773/b1rer_512.webp,https://www.meesho.com/rebound-bicycles-13-in-1-multifunctional-bicycle-repair-toolkit-complete-tool-set-for-bike-steel-cycling-stand-steel-black/p/1eundh,"REBOUND BICYCLES 13-in-1 Multifunctional Bicycle Repair Toolkit (Steel, Black). Brand: REBOUND BICYCLES. Material: Steel. Colour: Black.",1,Free Size,Steel,True,7 days,Varies by pincode,2026-10-09T20:41:40,category/sports-&-fitness,meesho_scraped_20261009.csv
MEESHO_333444129,"Liffo Protective Skating Guard Kit for Kids, 6 to 12 Years (Black, Medium)",Sports & Fitness,Sports & Fitness,Liffo,336,336,0,3.9,81,In Stock,Liffo,https://images.meesho.com/images/products/333444129/hcbjy_512.webp,https://www.meesho.com/liffo-protective-skating-guard-kit-for-skating-cycling-running-for-kidsboysgirls-blackmedium-6-to-12-years/p/5iiv4x,"Liffo Protective Skating Guard Kit for Kids, 6 to 12 Years (Black, Medium). Brand: Liffo. Material: PVC. Size: 6-12 Years. Colour: Black.",1,6-12 Years,PVC,True,7 days,Varies by pincode,2026-10-09T20:42:00,category/sports-&-fitness,meesho_scraped_20261009.csv
MEESHO_805153781,PowerFlex Sports Knee Support Compression Sleeve (1 Pair),Sports & Fitness,Sports & Fitness,PowerFlex,194,189,3,4.0,1389,In Stock,#AS TRADER,https://images.meesho.com/images/products/805153781/rlkdc_512.webp,https://www.meesho.com/powerflex-sports-knee-support-compression-sleeve-1-pair/p/dbd8mt,PowerFlex Sports Knee Support Compression Sleeve (1 Pair). Brand: PowerFlex. Material: 3D Knit. Colour: Not specified.,1,Free Size,3D Knit,True,7 days,Varies by pincode,2026-10-09T20:42:20,category/sports-&-fitness,meesho_scraped_20261009.csv
MEESHO_452033923,"Inflatable Swimming Arm Floats Bands (1 Pair, Orange)",Sports & Fitness,Sports & Fitness,Unbranded,167,167,0,4.1,380,In Stock,WISHER IDOL,https://images.meesho.com/images/products/452033923/1qfho_512.webp,https://www.meesho.com/1-pair-inflatable-arm-swimming-floats-bands-floatation-water-wings-swimming-arm-ring-floatie-for-children-and-adults-eather-swimming-arm-float-band/p/7h4nlv,"Inflatable Swimming Arm Floats Bands (1 Pair, Orange). Material: Polyvinyl. Colour: Orange.",1,Free Size,Polyvinyl,True,7 days,Varies by pincode,2026-10-09T20:42:40,category/sports-&-fitness,meesho_scraped_20261009.csv
MEESHO_511203213,"Black Silicone Swimming Cap, Stretchable and Anti-Slip",Sports & Fitness,Sports & Fitness,Unbranded,69,61,12,4.0,128,In Stock,EmmEmm,https://images.meesho.com/images/products/511203213/bojdk_512.webp,https://www.meesho.com/black-silicone-swimming-cap-for-all-age-groups-comfortable-stretchable-swim-cap-for-men-women-kids-durable-anti-slip-easy-fit-swimming-gear/p/8gcux9,"Black Silicone Swimming Cap, Stretchable and Anti-Slip. Material: Silicone. Colour: Black.",1,Free Size,Silicone,True,7 days,Varies by pincode,2026-10-09T20:43:00,category/sports-&-fitness,meesho_scraped_20261009.csv
MEESHO_533411293,Lycan Hand Grip Strengthener with Foam Handle (Blue),Sports & Fitness,Sports & Fitness,Lycan,199,91,54,3.8,364,In Stock,sawroop industries,https://images.meesho.com/images/products/533411293/wgre9_512.webp,https://www.meesho.com/lycan-hand-grip-strengthener-with-foam-handle-hand-gripper-for-men-women-for-gym-workout-hand-exercise-equipment-to-use-in-home-for-forearm-exercise-blue/p/8tkusd,Lycan Hand Grip Strengthener with Foam Handle (Blue). Brand: Lycan. Material: Metal. Colour: Blue.,1,Free Size,Metal,True,7 days,Varies by pincode,2026-10-09T20:43:20,category/sports-&-fitness,meesho_scraped_20261009.csv
MEESHO_224254031,REBOUND Ultra-Loud Metal Cycle Bell (Black),Sports & Fitness,Sports & Fitness,REBOUND,114,114,0,4.0,1429,In Stock,REBOUNDINDIA,https://images.meesho.com/images/products/224254031/diif4_512.webp,https://www.meesho.com/rebound-durable-quality-ultra-loud-cycle-trending-cycle-bell-black/p/3pijin,REBOUND Ultra-Loud Metal Cycle Bell (Black). Brand: REBOUND. Material: Metal. Colour: Black.,1,Free Size,Metal,True,7 days,Varies by pincode,2026-10-09T20:43:40,category/sports-&-fitness,meesho_scraped_20261009.csv
MEESHO_473604624,SLOVIC Adjustable Doorway Pull-Up Bar for Home Gym (Black),Sports & Fitness,Sports & Fitness,SLOVIC,1499,694,54,4.0,2327,In Stock,Powerhouse 91 Consumer good india pvt ltd.,https://images.meesho.com/images/products/473604624/rlxhd_512.webp,https://www.meesho.com/slovic-adjustable-pull-up-bar-for-home-gym-doorway-frame-chin-up-bar-gym-equipment-for-men-workout-strength-training-exercise-hanging-bar-portable-non-slip-secure-grip-100kg-weight-capacity-black-pull-up-bar/p/7tyzo0,SLOVIC Adjustable Doorway Pull-Up Bar for Home Gym (Black). Brand: SLOVIC. Colour: Black.,1,Free Size,Not specified,True,7 days,Varies by pincode,2026-10-09T20:44:00,category/sports-&-fitness,meesho_scraped_20261009.csv
MEESHO_416592071,Manogyam Ab Roller Wheel with Knee Mat for Home Workout (Yellow),Sports & Fitness,Sports & Fitness,Manogyam,158,158,0,4.1,527,In Stock,Manogyam E-commerce,https://images.meesho.com/images/products/416592071/wnghq_512.webp,https://www.meesho.com/manogyam-abs-roller-for-men-women-stomach-abs-roller-wheel-for-home-workout-gym-ab-roller-for-men-abs-workout-equipment-for-abdominal-ab-roller-home-exercise-equipment-with-knee-mat-yellow/p/6w10hz,Manogyam Ab Roller Wheel with Knee Mat for Home Workout (Yellow). Brand: Manogyam. Material: ABS. Colour: Yellow.,1,Free Size,ABS,True,7 days,Varies by pincode,2026-10-09T20:44:20,category/sports-&-fitness,meesho_scraped_20261009.csv
MEESHO_404462382,"Hula Hoop Exercise Ring, 36 Inch (Multicolor)",Sports & Fitness,Sports & Fitness,Unbranded,143,143,0,4.3,166,In Stock,E-Retail Store,https://images.meesho.com/images/products/404462382/a04h5_512.webp,https://www.meesho.com/hula-hoop-exercise-ring-for-fitness-with-36-inch-diameter-for-boysgirls-kids-and-adults-multi-color/p/6ot166,"Hula Hoop Exercise Ring, 36 Inch (Multicolor). Material: Plastic. Colour: Multicolor.",1,Free Size,Plastic,True,7 days,Varies by pincode,2026-10-09T20:44:40,category/sports-&-fitness,meesho_scraped_20261009.csv
MEESHO_470045611,"SLOVIC TPE Resistance Band for Workout and Pull-Ups, 15-30 kg (Black)",Sports & Fitness,Sports & Fitness,SLOVIC,2399,244,90,4.1,1203,In Stock,Powerhouse 91 Consumer good india pvt ltd.,https://images.meesho.com/images/products/470045611/zqy2j_512.webp,https://www.meesho.com/slovic-tpe-bands-for-workout-pull-up-stretching-heavy-duty-material-resistance-band-for-home-workouts-stretching-bands-for-exercise-gym-equipment-for-home-workout-ideal-for-men-women-black-strength-15-30-kgs/p/7rupij,"SLOVIC TPE Resistance Band for Workout and Pull-Ups, 15-30 kg (Black). Brand: SLOVIC. Material: Rubber. Colour: Black.",1,Free Size,Rubber,True,7 days,Varies by pincode,2026-10-09T20:45:00,category/sports-&-fitness,meesho_scraped_20261009.csv
MEESHO_413532923,HOMEGALLEY EVA Yoga Blocks Pack of 2 with Belt (Black),Sports & Fitness,Sports & Fitness,HOMEGALLEY,431,431,0,4.3,558,In Stock,Bhavya Global,https://images.meesho.com/images/products/413532923/akapj_512.webp,https://www.meesho.com/homegalley-yoga-blocks-pack-of-2-with-belt-for-exercise-high-density-eva-exercise-block-pair-to-improve-strength-balance-stretching-yoga-bricks-set-with-strap-for-women-and-men-black/p/6u7g1n,HOMEGALLEY EVA Yoga Blocks Pack of 2 with Belt (Black). Brand: HOMEGALLEY. Material: EVA. Colour: Black.,1,Free Size,EVA,True,7 days,Varies by pincode,2026-10-09T20:45:20,category/sports-&-fitness,meesho_scraped_20261009.csv
MEESHO_492228953,BOLDFIRE High Density Foam Roller for Back Pain and Muscle Recovery (Black),Sports & Fitness,Sports & Fitness,BOLDFIRE,352,322,9,4.2,376,In Stock,TRENDING SALES,https://images.meesho.com/images/products/492228953/vfmpx_512.webp,https://www.meesho.com/boldfire-roller-for-back-pain-deep-tissue-massage-body-pain-high-density-foam-roller-for-exercise-in-gym-back-roller-for-muscle-recoverymassage-roller-for-stretching/p/8526ah,BOLDFIRE High Density Foam Roller for Back Pain and Muscle Recovery (Black). Brand: BOLDFIRE. Material: EVA. Colour: Black.,1,Free Size,EVA,True,7 days,Varies by pincode,2026-10-09T20:45:40,category/sports-&-fitness,meesho_scraped_20261009.csv
MEESHO_321210357,Super PU Leather Volleyball (Yellow),Sports & Fitness,Sports & Fitness,Unbranded,508,483,5,3.9,301,In Stock,RAKSO SPORTS,https://images.meesho.com/images/products/321210357/way0k_512.webp,https://www.meesho.com/super-pu-leather-volleyball-ball/p/5b8nhx,Super PU Leather Volleyball (Yellow). Material: Leather. Colour: Yellow.,1,Free Size,Leather,True,7 days,Varies by pincode,2026-10-09T20:46:00,category/sports-&-fitness,meesho_scraped_20261009.csv
MEESHO_437541960,"Sand Clay Set - 36 Pouches, 12 Neon Colours",Toys & Games,Toys & Games,Unbranded,147,140,5,4.0,5477,In Stock,Yash Stationery Mart,https://images.meesho.com/images/products/437541960/9dtyl_512.webp,https://www.meesho.com/sand-clay-set-of-36-pouches-12-attractive-neon-colors-non-sticky-clay-sand-clay-foam-clay-airr-dry-clay-clay-china-clay-neon-colours-clay-for-kids/p/78i1jc,Non-sticky air-dry sand clay in 12 neon colours for kids. Colour: Multicolor.,1,Free Size,Clay,True,7 days,Varies by pincode,2026-10-09T20:46:20,category/toys-&-games,meesho_scraped_20261009.csv
MEESHO_422690879,Ankirant Building Blocks (45+ Pcs),Toys & Games,Toys & Games,Ankirant,110,110,0,3.7,1528,In Stock,Jay Ganesh Marketing,https://images.meesho.com/images/products/422690879/3fqmf_512.webp,https://www.meesho.com/ankirant-popular-45-pics-building-blocks/p/6znqdb,45+ piece plastic building block set. Colour: Multicolor.,1,Free Size,Plastic,True,7 days,Varies by pincode,2026-10-09T20:46:40,category/toys-&-games,meesho_scraped_20261009.csv
MEESHO_469825414,Kids Play Tent House (up to 10 Years),Toys & Games,Toys & Games,Unbranded,287,274,5,4.2,3130,In Stock,HERYA ENTERPRISE,https://images.meesho.com/images/products/469825414/w5hop_512.webp,https://www.meesho.com/kids-play-tent-house-for-girls-boys-upto-10-year-old/p/7rpzly,Foldable play tent house for kids up to 10 years. Colour: Pink.,1,Free Size,Polyester,True,7 days,Varies by pincode,2026-10-09T20:47:00,category/toys-&-games,meesho_scraped_20261009.csv
MEESHO_400012045,9-Ring Teddy Stacking Rings Toy (6 Months - 2 Years),Toys & Games,Toys & Games,Unbranded,154,154,0,4.4,7550,In Stock,E-Retail Store,https://images.meesho.com/images/products/400012045/8kj9g_512.webp,https://www.meesho.com/9-ring-colorful-teddy-junior-rings-with-smiley-stacking-play-set-toy-for-kids-6-month-to-2-year-babys-made-in-india-pretend-role-play-set-children-learn-play-fun-toddler-kids-set-gift-for-boys-girls/p/6m5n9p,Colourful 9-ring stacking toy for babies aged 6 months to 2 years. Colour: Multicolor.,1,Free Size,Plastic,True,7 days,Varies by pincode,2026-10-09T20:47:20,category/toys-&-games,meesho_scraped_20261009.csv
MEESHO_118282950,Kids Steel Kitchen Set,Toys & Games,Toys & Games,Unbranded,167,148,11,3.8,16004,In Stock,KHATRI TOYS,https://images.meesho.com/images/products/118282950/qvug2_512.webp,https://www.meesho.com/kids-1111-steel-kitchen-set/p/1yf7pi,Pretend-play steel kitchen utensil set for kids. Colour: Silver.,1,Free Size,Metal,True,7 days,Varies by pincode,2026-10-09T20:47:40,category/toys-&-games,meesho_scraped_20261009.csv
MEESHO_397528469,Digital Magic LCD Writing Slate for Kids,Toys & Games,Toys & Games,Kanha Enterprises,130,130,0,4.0,7846,In Stock,KANHA_ENTERPRISES2K24,https://images.meesho.com/images/products/397528469/qvj44_512.webp,https://www.meesho.com/kanhaenterprises-digital-paperless-magic-lcd-slate-to-do-list-notepad-tablet-sketch-book-with-pen-color-multilcd-writeing-slate-for-kids/p/6koexh,Digital Magic LCD Writing Slate for Kids. Brand: Kanha Enterprises. Material: Plastic. Size: Free Size (5-7 years). Colour: Multicolor.,1,Free Size (5-7 years),Plastic,True,7 days,Varies by pincode,2026-10-09T20:48:00,category/toys-&-games,meesho_scraped_20261009.csv
MEESHO_434147227,"English Learning Wall Charts for Kids (16 Charts, 36 x 50 cm)",Toys & Games,Toys & Games,GOWOO,126,126,0,4.2,17350,In Stock,GOWOO,https://images.meesho.com/images/products/434147227/obikz_512.webp,https://www.meesho.com/english-chart-for-kids-16-charts-36-x-50-cm-children-spiral-wall-picture-chart/p/76ha57,"English Learning Wall Charts for Kids (16 Charts, 36 x 50 cm). Brand: GOWOO. Material: Paper. Size: Free Size (3-4 years). Colour: Multicolor.",1,Free Size (3-4 years),Paper,True,7 days,Varies by pincode,2026-10-09T20:48:20,category/toys-&-games,meesho_scraped_20261009.csv
MEESHO_542586560,Wooden 120 Lakh Money Bank,Toys & Games,Toys & Games,Unbranded,95,95,0,4.2,88,In Stock,ROSE PROFILE,https://images.meesho.com/images/products/542586560/scjms_512.webp,https://www.meesho.com/120-lakh-money-bank/p/8z1igw,Wooden 120 Lakh Money Bank. Material: Wood. Size: Free Size (4-6 years+). Colour: Brown.,1,Free Size (4-6 years+),Wood,True,7 days,Varies by pincode,2026-10-09T20:48:40,category/toys-&-games,meesho_scraped_20261009.csv
MEESHO_515018134,Pink Bunny Plush Stuffed Toy,Toys & Games,Toys & Games,Unbranded,157,157,0,4.3,9046,In Stock,Gupta Traders,https://images.meesho.com/images/products/515018134/8b2z8_512.webp,https://www.meesho.com/pink-bunny-plush-toy-cute-versatile-stuffed-doll-with-bunny/p/8immja,Pink Bunny Plush Stuffed Toy. Material: Plush. Size: Free Size (2-4 years). Colour: Pink.,1,Free Size (2-4 years),Plush,True,7 days,Varies by pincode,2026-10-09T20:49:00,category/toys-&-games,meesho_scraped_20261009.csv
MEESHO_531679900,Unique Wooden Saving Bank,Toys & Games,Toys & Games,Unbranded,102,95,7,3.8,847,In Stock,HELLAURA,https://images.meesho.com/images/products/531679900/03dha_512.webp,https://www.meesho.com/unique-saving-banks/p/8sjqu4,Unique Wooden Saving Bank. Material: Wood. Colour: Brown.,1,Free Size,Wood,True,7 days,Varies by pincode,2026-10-09T20:49:20,category/toys-&-games,meesho_scraped_20261009.csv
MEESHO_131360339,Kids Tricycle with Handle (Light Blue),Toys & Games,Toys & Games,Unbranded,1576,1576,0,3.7,106,In Stock,APARAJITA COLLECTIONS,https://images.meesho.com/images/products/131360339/0olol_512.webp,https://www.meesho.com/tricycle-trike-bike-tricycle-bike-toy-tricycle-trike-tricycle-tricycle-cycle-handle-tricycle-light-blue-handle-die-cast-toy-vehicles/p/267iab,Kids Tricycle with Handle (Light Blue). Material: Plastic. Size: Free Size (2-5 years). Colour: Light Blue.,1,Free Size (2-5 years),Plastic,True,7 days,Varies by pincode,2026-10-09T20:49:40,category/toys-&-games,meesho_scraped_20261009.csv
MEESHO_344103224,Baby Horse Rider and Rocker for Kids 1-5 Years,Toys & Games,Toys & Games,Unbranded,778,778,0,4.0,47,In Stock,The Uniqe Store,https://images.meesho.com/images/products/344103224/foosh_512.webp,https://www.meesho.com/kids-toy-baby-horse-rider-and-rocker-engaging-boy-girl-unisex-playtime-fun-for-kids-1-5-years/p/5ovbqw,Baby Horse Rider and Rocker for Kids 1-5 Years. Material: Plastic. Size: Free Size (1-2 years). Colour: Pink.,1,Free Size (1-2 years),Plastic,True,7 days,Varies by pincode,2026-10-09T20:50:00,category/toys-&-games,meesho_scraped_20261009.csv
MEESHO_377586128,Kids' Ride & Rock Baby Horse Rider and Rocker,Toys & Games,Toys & Games,Unbranded,629,567,10,4.2,280,In Stock,Har Har Mahadev Trading,https://images.meesho.com/images/products/377586128/floee_512.webp,https://www.meesho.com/kids-ride-rock-toy-baby-horse-rider-and-rocker-for-kids/p/68szbk,Kids' Ride & Rock Baby Horse Rider and Rocker. Material: Plastic. Size: Free Size (3-4 years). Colour: Multicolor.,1,Free Size (3-4 years),Plastic,True,7 days,Varies by pincode,2026-10-09T20:50:20,category/toys-&-games,meesho_scraped_20261009.csv
MEESHO_407804941,Geometric Shape Sorter & Stacking Block Board for Kids,Toys & Games,Toys & Games,Strobine,96,96,0,4.3,15809,In Stock,J D BROTHER,https://images.meesho.com/images/products/407804941/ma8uu_512.webp,https://www.meesho.com/strobine-smart-activity-fun-and-learning-geometrics-sorter-color-choose-stacking-block-game-for-kids-geometric-board/p/6qsob1,Geometric Shape Sorter & Stacking Block Board for Kids. Brand: Strobine. Colour: Multicolor.,1,Free Size,Not specified,True,7 days,Varies by pincode,2026-10-09T20:50:40,category/toys-&-games,meesho_scraped_20261009.csv
MEESHO_478846552,Star Soft Pillow Stuffed Toy with Arms & Legs,Toys & Games,Toys & Games,Unbranded,167,167,0,4.5,2860,In Stock,GUPTA TOYS 3,https://images.meesho.com/images/products/478846552/xjhwm_512.webp,https://www.meesho.com/star-soft-pillow-with-arm-leg-stuffed-soft-toy-doll-for-home-car-dcor-birthday-gift-boysgirlsbabykids/p/7x3cd4,"Star Soft Pillow Stuffed Toy with Arms & Legs. Material: Plush. Size: Free Size (0-2 years, 10-14.9 in). Colour: White.",1,"Free Size (0-2 years, 10-14.9 in)",Plush,True,7 days,Varies by pincode,2026-10-09T20:51:00,category/toys-&-games,meesho_scraped_20261009.csv
MEESHO_365599362,"2 in 1 Baby Horse Rider Rocker, BIS Certified (Grey)",Toys & Games,Toys & Games,kiddykin,746,746,0,4.4,6,In Stock,kiddykin,https://images.meesho.com/images/products/365599362/l9ojg_512.webp,https://www.meesho.com/2-in-1-baby-horse-rider-rocker-for-kids-1-5-years-birthday-gift-for-kidsboysgirlshorsey-rockerride-on-toy-for-kids-bis-certified-pack-of-1/p/61o29u,"2 in 1 Baby Horse Rider Rocker, BIS Certified (Grey). Brand: kiddykin. Material: Plastic. Size: Free Size (3-4 years). Colour: Grey.",1,Free Size (3-4 years),Plastic,True,7 days,Varies by pincode,2026-10-09T20:51:20,category/toys-&-games,meesho_scraped_20261009.csv
MEESHO_365592348,Kids Horse Rider Rocker Toy 1-3 Years (Grey),Toys & Games,Toys & Games,kiddykin,746,746,0,4.3,2,In Stock,kiddykin,https://images.meesho.com/images/products/365592348/56qwv_512.webp,https://www.meesho.com/kids-horse-rider-rocker-toys-1-3yrs-2-in-1-baby-horse-rider-with-rocker-horse-rider-for-kids/p/61nwv0,Kids Horse Rider Rocker Toy 1-3 Years (Grey). Brand: kiddykin. Material: Plastic. Size: Free Size (3-4 years). Colour: Grey.,1,Free Size (3-4 years),Plastic,True,7 days,Varies by pincode,2026-10-09T20:51:40,category/toys-&-games,meesho_scraped_20261009.csv
MEESHO_295125439,"Police Car Toy with Lights, Music and Siren Sound",Toys & Games,Toys & Games,Unbranded,194,194,0,4.0,2571,In Stock,Mihar Enterprise,https://images.meesho.com/images/products/295125439/wbc7k_512.webp,https://www.meesho.com/pack-of-1-car-multicolor-police-car-with-lights-powered-music-and-siren-sound-car-toy-for-kids/p/4vpk8v,"Police Car Toy with Lights, Music and Siren Sound. Material: Plastic. Size: Free Size (2-4 years). Colour: Multicolor.",1,Free Size (2-4 years),Plastic,True,7 days,Varies by pincode,2026-10-09T20:52:00,category/toys-&-games,meesho_scraped_20261009.csv
MEESHO_290149607,Doctor Play Set with Medical Carry Case for Kids,Toys & Games,Toys & Games,Unbranded,185,185,0,3.9,3798,In Stock,Vikasnshi Sales,https://images.meesho.com/images/products/290149607/o4nug_512.webp,https://www.meesho.com/doctor-play-set-medical-carry-case-nurses-toy-set-fun-gift-education-for-kids-multicolor/p/4sqwvb,Doctor Play Set with Medical Carry Case for Kids. Material: Plastic. Colour: Multicolor.,1,Free Size,Plastic,True,7 days,Varies by pincode,2026-10-09T20:52:20,category/toys-&-games,meesho_scraped_20261009.csv
MEESHO_515012839,Cute Bamboo Panda Huggable Soft Toy,Toys & Games,Toys & Games,Unbranded,170,170,0,4.2,2656,In Stock,Gupta Traders,https://images.meesho.com/images/products/515012839/owamj_512.webp,https://www.meesho.com/cute-bamboo-panda-lovable-huggable-soft-toy-birthday-gifts/p/8imig7,Cute Bamboo Panda Huggable Soft Toy. Material: Plush. Colour: White.,1,Free Size,Plush,True,7 days,Varies by pincode,2026-10-09T20:52:40,category/toys-&-games,meesho_scraped_20261009.csv
MEESHO_458735705,Kids Pretend Play Kitchen Set,Toys & Games,Toys & Games,Unbranded,201,191,5,4.1,174,In Stock,SAJIKRISH ENTERPRISES,https://images.meesho.com/images/products/458735705/4e6if_512.webp,https://www.meesho.com/premium-quality-kitchen-set-of-steel-with-no-sharp-edges-proper-finishing/p/7l4aqh,Kids Pretend Play Kitchen Set. Material: Plastic. Size: Free Size (2-4 years). Colour: Multicolor.,1,Free Size (2-4 years),Plastic,True,7 days,Varies by pincode,2026-10-09T20:53:00,category/toys-&-games,meesho_scraped_20261009.csv
MEESHO_479439333,Wooden 3D Alphabet & Number Board Puzzle (Pack of 2),Toys & Games,Toys & Games,Unbranded,146,140,4,4.0,4658,In Stock,KRUPA ENTERPRISE.,https://images.meesho.com/images/products/479439333/of41y_512.webp,https://www.meesho.com/wooden-3d-capital-alphabets-and-number-board-puzzle-toy-educational-toy-puzzles-for-early-learning-non-toxic-colorful-toy-montessori-toy-for-pre-schooler-kids-multicolor-pack-of-2/p/7xg1r9,Wooden 3D Alphabet & Number Board Puzzle (Pack of 2). Material: Wood. Colour: Multicolor.,1,Free Size,Wood,True,7 days,Varies by pincode,2026-10-09T20:53:20,category/toys-&-games,meesho_scraped_20261009.csv
MEESHO_545484847,"Donut Shop Pretend Play Tent for Kids (Foldable, Ages 2-8)",Toys & Games,Toys & Games,Unbranded,279,279,0,4.1,409,In Stock,V .M .ENTERPRISE,https://images.meesho.com/images/products/545484847/ocjaw_512.webp,https://www.meesho.com/donut-shop-pretend-play-tent-for-kids-dessert-themed-bakery-playhouse-for-boys-girls-includes-awning-roll-up-windows-foldable-portable-durable-indooroutdoor-toy-ideal-gift-for-toddlers-preschoolers-ages-2-8/p/90rmsv,"Donut Shop Pretend Play Tent for Kids (Foldable, Ages 2-8). Material: Polyester. Size: Free Size (2-8 years). Colour: Multicolor.",1,Free Size (2-8 years),Polyester,True,7 days,Varies by pincode,2026-10-09T20:53:40,category/toys-&-games,meesho_scraped_20261009.csv
MEESHO_542874009,Wooden Piggy Bank Money Box for Kids with Carved Design,Toys & Games,Toys & Games,Unbranded,121,110,9,4.1,218,In Stock,RUDRA CRAFT.,https://images.meesho.com/images/products/542874009/hznft_512.webp,https://www.meesho.com/1-lakh-wooden-money-piggi-bank-for-kidspiggy-bank-money-box-coin-box-with-carved-design-for-kidschildren-savings-challenge-box-cashboxcash-vault-wooden-savings-boxwooden-coin-piggy-bankmoney-save-box-smash-money-saver/p/8z7o9l,Wooden Piggy Bank Money Box for Kids with Carved Design. Material: Wood. Colour: Brown.,1,Free Size,Wood,True,7 days,Varies by pincode,2026-10-09T20:54:00,category/toys-&-games,meesho_scraped_20261009.csv
MEESHO_290150351,Doctor Set Pretend Play Toy Kit for Kids (3+ Years),Toys & Games,Toys & Games,Unbranded,191,191,0,3.9,570,In Stock,TrueDeal,https://images.meesho.com/images/products/290150351/5qmy0_512.webp,https://www.meesho.com/doctor-set-toys-for-girls-boys-doctor-toys-for-kids-doctor-set-pretend-play-learning-toy-game-toy-kit-for-3-year-kids-boys-and-girls-multicolor/p/4sqxfz,Doctor Set Pretend Play Toy Kit for Kids (3+ Years). Material: Plastic. Size: Free Size (3+ years). Colour: Multicolor.,1,Free Size (3+ years),Plastic,True,7 days,Varies by pincode,2026-10-09T20:54:20,category/toys-&-games,meesho_scraped_20261009.csv
MEESHO_217329973,"SANK Magic Practice Copybook Set with Pen, Grip and Refills",Toys & Games,Toys & Games,SANK,142,78,45,4.2,19358,In Stock,PACHIBA ENTERPRISE,https://images.meesho.com/images/products/217329973/upmyf_512.webp,https://www.meesho.com/sank-magic-book-4-book-10-refill-1-pen-1-grip-practice-copybook-number-tracing-book-for-preschoolers-with-pen-caligraphy-early-learning-set-with-reusable-writing-refill/p/3le4vp,"SANK Magic Practice Copybook Set with Pen, Grip and Refills. Brand: SANK. Colour: Multicolor.",1,Free Size,Not specified,True,7 days,Varies by pincode,2026-10-09T20:54:40,category/toys-&-games,meesho_scraped_20261009.csv
MEESHO_461053377,"Colourful Baby Rattles and Teether Set, 8 Pcs",Toys & Games,Toys & Games,Unbranded,155,145,6,4.4,4435,In Stock,Pragya Consultancy,https://images.meesho.com/images/products/461053377/6mwna_512.webp,https://www.meesho.com/baby-teeth-and-rettle-set-colourful-attractive-rattles-and-teether-for-babies-8-pcs-multicolour/p/7mhz29,"Colourful Baby Rattles and Teether Set, 8 Pcs. Material: BPA Free Plastic. Colour: Multicolor.",1,Free Size,BPA Free Plastic,True,7 days,Varies by pincode,2026-10-09T20:55:00,category/toys-&-games,meesho_scraped_20261009.csv
MEESHO_248710558,"Rabbit Magic Sand for Kids, 500g Green with 10 Molding Toys",Toys & Games,Toys & Games,Rabbit,207,207,0,4.0,1280,In Stock,RABBIT STATIONERY,https://images.meesho.com/images/products/248710558/jrqni_512.webp,https://www.meesho.com/rabbit-magic-sand-for-kids-500g-green-magic-sand-with-10-molding-toys-non-toxic-sensory-play-sand-mess-free-indoor-activity-set-active-sand-for-kids/p/442qam,"Rabbit Magic Sand for Kids, 500g Green with 10 Molding Toys. Brand: Rabbit. Material: Clay. Colour: Green.",1,Free Size,Clay,True,7 days,Varies by pincode,2026-10-09T20:55:20,category/toys-&-games,meesho_scraped_20261009.csv
MEESHO_326202403,"3D Transparent Mechanical Car with 360 Degree Rotation, Light and Sound",Toys & Games,Toys & Games,Unbranded,277,277,0,4.3,2476,In Stock,Strive Enterprise,https://images.meesho.com/images/products/326202403/i7pok_512.webp,https://www.meesho.com/3d-transparent-car-with-360-degree-rotation-gear-simulation-mechanical-car-with-light-sound/p/5e7ndv,"3D Transparent Mechanical Car with 360 Degree Rotation, Light and Sound. Material: Plastic. Colour: Multicolor.",1,Free Size,Plastic,True,7 days,Varies by pincode,2026-10-09T20:55:40,category/toys-&-games,meesho_scraped_20261009.csv
MEESHO_366211864,"Shinetoy 120 Pcs Wooden Dominos Blocks Set, 12 Colors",Toys & Games,Toys & Games,Shinetoy,167,167,0,4.4,1025,In Stock,SHINE TOY AND GIFTS,https://images.meesho.com/images/products/366211864/v1saz_512.webp,https://www.meesho.com/shinetoy-120-pcs-12-color-wooden-dominos-blocks-set-kids-game-educational-play-toy-domino-racing-toy-game-colorful-dominos-tiles-kids-game-educational-play-toy-for-kids/p/6216vs,"Shinetoy 120 Pcs Wooden Dominos Blocks Set, 12 Colors. Brand: Shinetoy. Material: Natural Pine Wood. Colour: Multicolor.",1,Free Size,Natural Pine Wood,True,7 days,Varies by pincode,2026-10-09T20:56:00,category/toys-&-games,meesho_scraped_20261009.csv
MEESHO_371772067,DIY Military Army Car Toy 4 Pack with Screwdriver (Ages 3-6),Toys & Games,Toys & Games,Unbranded,515,490,5,4.0,111,In Stock,Kiddie Things,https://images.meesho.com/images/products/371772067/jtcgp_512.webp,https://www.meesho.com/diy-military-army-car-toy-4-pack-with-1-screwdriver-tools-kids-stem-toys-including-1-helicopter-1-jeep-1-tank-and-1-boat-for-toddlers-age-3-6-birthday-gifts-for-boys-2-3-4-5-6-year-old/p/65cd5v,DIY Military Army Car Toy 4 Pack with Screwdriver (Ages 3-6). Material: Plastic. Size: Free Size (3-6 years). Colour: Multicolor.,1,Free Size (3-6 years),Plastic,True,7 days,Varies by pincode,2026-10-09T20:56:20,category/toys-&-games,meesho_scraped_20261009.csv
MEESHO_146076019,Baby Tricycle with Parent Handle for Kids (Blue),Toys & Games,Toys & Games,Unbranded,1725,1725,0,3.8,55,In Stock,ADRIJA TRADERS & CO.,https://images.meesho.com/images/products/146076019/evfjq_512.webp,https://www.meesho.com/baby-tricycle-with-parent-handle-for-kids-and-babygirls-and-boys-786-b/p/2eywz7,Baby Tricycle with Parent Handle for Kids (Blue). Material: Plastic. Colour: Blue.,1,Free Size,Plastic,True,7 days,Varies by pincode,2026-10-09T20:56:40,category/toys-&-games,meesho_scraped_20261009.csv
MEESHO_446103069,"Beads Jewelry Making Kit for Kids, DIY Bracelets, Necklace, Hairband and Rings",Toys & Games,Toys & Games,Unbranded,179,179,0,4.2,3370,In Stock,NITI ENTERPRISES,https://images.meesho.com/images/products/446103069/celpg_512.webp,https://www.meesho.com/beads-for-kids-crafts-childrens-jewelry-making-kit-diy-bracelets-necklace-hairband-and-rings-craft-kits-birthday-for-4-5-6-7-year-old-little-girls-multicolor-diybeadsset-1/p/7dljbx,"Beads Jewelry Making Kit for Kids, DIY Bracelets, Necklace, Hairband and Rings. Material: Plastic. Size: Free Size (4-7 years). Colour: Multicolor.",1,Free Size (4-7 years),Plastic,True,7 days,Varies by pincode,2026-10-09T20:57:00,category/toys-&-games,meesho_scraped_20261009.csv
MEESHO_58055841,Kiddykin Musical 2-in-1 Horse Rocker Cum Rider Ride-On (Blue),Toys & Games,Toys & Games,Kiddykin,875,875,0,3.4,3,In Stock,kiddykin,https://images.meesho.com/images/products/58055841/ukfuh_512.webp,https://www.meesho.com/kiddykin-musical-2-in-1-horse-rocker-cum-rider-kids-ride-on-push-car-with-parent-control-toy-toddler-baby-toy-1-4-years-old-indoors-and-outdoors-kids-suitable-for-boys-girls-blue/p/ykc69,Kiddykin Musical 2-in-1 Horse Rocker Cum Rider Ride-On (Blue). Brand: Kiddykin. Material: Plastic. Size: Free Size (1-4 years). Colour: Blue.,1,Free Size (1-4 years),Plastic,True,7 days,Varies by pincode,2026-10-09T20:57:20,category/toys-&-games,meesho_scraped_20261009.csv
MEESHO_393644732,RGV Musical Keyboard Mini Baby Piano Toy for Kids,Toys & Games,Toys & Games,RGV,204,204,0,3.9,376,In Stock,RGVENTERPRISE,https://images.meesho.com/images/products/393644732/tp38d_512.webp,https://www.meesho.com/rgv-musical-keyboard-mini-baby-piano-playing-toy-for-kids-fun-music-toys-for-kids/p/6id67w,RGV Musical Keyboard Mini Baby Piano Toy for Kids. Brand: RGV. Colour: Not specified.,1,Free Size,Not specified,True,7 days,Varies by pincode,2026-10-09T20:57:40,category/toys-&-games,meesho_scraped_20261009.csv
MEESHO_468421985,37 Key Piano Keyboard Toy for Kids with Microphone (Blue),Toys & Games,Toys & Games,Unbranded,716,716,0,4.0,9,In Stock,NexisEdge,https://images.meesho.com/images/products/468421985/zcrr5_512.webp,https://www.meesho.com/37-key-piano-keyboard-toy-for-kids-with-microphone-educational-musical-toys-for-3-4-5-6-year-old-boys-girls-blue/p/7qvwpt,37 Key Piano Keyboard Toy for Kids with Microphone (Blue). Size: Free Size (3-6 years). Colour: Blue.,1,Free Size (3-6 years),Not specified,True,7 days,Varies by pincode,2026-10-09T20:58:00,category/toys-&-games,meesho_scraped_20261009.csv
MEESHO_486116210,Mini Portable Electronic Keyboard Piano Musical Toy for Babies and Kids,Toys & Games,Toys & Games,Unbranded,307,307,0,4.2,2334,In Stock,DIVYANSH,https://images.meesho.com/images/products/486116210/fmhul_512.webp,https://www.meesho.com/mini-portable-electronic-keyboard-piano-attractive-musical-toys-for-babies-and-kids-color-as-per-stock/p/81f5o2,Mini Portable Electronic Keyboard Piano Musical Toy for Babies and Kids. Material: Plastic. Colour: Multicolor.,1,Free Size,Plastic,True,7 days,Varies by pincode,2026-10-09T20:58:20,category/toys-&-games,meesho_scraped_20261009.csv
MEESHO_112680995,SYGA 17-Key Thumb Piano Kalimba with Handguard (Peach),Toys & Games,Toys & Games,SYGA,983,935,5,4.5,61,In Stock,SYGA HOME FURNISHING,https://images.meesho.com/images/products/112680995/xeqes_512.webp,https://www.meesho.com/syga-thumb-piano-kalimba-17-tone-keys-finger-piano-kalingba-musical-instrument-retro-butterfly-flower-gifts-for-kids-and-adults-handguard-peach/p/1v357n,"SYGA 17-Key Thumb Piano Kalimba with Handguard (Peach). Brand: SYGA. Material: Sipo Mahogany, Metal. Colour: Peach.",1,Free Size,"Sipo Mahogany, Metal",True,7 days,Varies by pincode,2026-10-09T20:58:40,category/toys-&-games,meesho_scraped_20261009.csv
MEESHO_340600742,"Big Teddy Bear Ultra Soft Plush Toy, 3 Feet (Red)",Toys & Games,Toys & Games,Unbranded,402,362,10,4.0,4015,In Stock,JANVI ENTERPRISES,https://images.meesho.com/images/products/340600742/sgoys_512.webp,https://www.meesho.com/3-feet-big-teddy-rec-ultra-soft-and-cute-905-cm-red/p/5ms97q,"Big Teddy Bear Ultra Soft Plush Toy, 3 Feet (Red). Material: Cotton. Colour: Red.",1,Free Size,Cotton,True,7 days,Varies by pincode,2026-10-09T20:59:00,category/toys-&-games,meesho_scraped_20261009.csv
MEESHO_293668400,"Panda Soft Toy, 2 Feet (60 cm)",Toys & Games,Toys & Games,Unbranded,191,191,0,4.1,870,In Stock,Teddy bear,https://images.meesho.com/images/products/293668400/ofu83_512.webp,https://www.meesho.com/2-feet-panda-soft-toy-60-cm/p/4uubzk,"Panda Soft Toy, 2 Feet (60 cm). Material: Cotton. Colour: Multicolor.",1,Free Size,Cotton,True,7 days,Varies by pincode,2026-10-09T20:59:20,category/toys-&-games,meesho_scraped_20261009.csv
MEESHO_457163646,Kids Handheld Brick Game with 23 Games,Toys & Games,Toys & Games,Unbranded,318,287,10,3.8,290,In Stock,TRADE DIVINE,https://images.meesho.com/images/products/457163646/tladi_512.webp,https://www.meesho.com/kids-video-game-and-brick-game-in-multicolor-and-kids-educational-toy-there-are-23-type-of-different-games-color-as-per-stock/p/7k6lq6,Kids Handheld Brick Game with 23 Games. Material: Plastic. Colour: Red.,1,Free Size,Plastic,True,7 days,Varies by pincode,2026-10-09T20:59:40,category/toys-&-games,meesho_scraped_20261009.csv
MEESHO_432326172,"ADKD Crawling Octopus Tummy Time Toy with LED Lights, Rechargeable (1-3 Years)",Toys & Games,Toys & Games,ADKD,540,540,0,3.8,22,In Stock,ADKD ENTERPRISE,https://images.meesho.com/images/products/432326172/5ledi_512.webp,https://www.meesho.com/adkd-crawling-octopus-tummy-time-toy-for-1-3-year-olds-led-lights-rechargeable-battery-interactive-cognitive-developmental-fun-easy-operation-ideal-gift-for-boys-and-girls/p/75e90c,"ADKD Crawling Octopus Tummy Time Toy with LED Lights, Rechargeable (1-3 Years). Brand: ADKD. Material: Plastic. Size: Free Size (1-3 years). Colour: Multicolor.",1,Free Size (1-3 years),Plastic,True,7 days,Varies by pincode,2026-10-09T21:00:00,category/toys-&-games,meesho_scraped_20261009.csv
MEESHO_83470407,50+ Pcs Pipe Puzzle Building Blocks Set for Kids (3-8 Years),Toys & Games,Toys & Games,Unbranded,166,150,10,4.1,1241,In Stock,FunSpot,https://images.meesho.com/images/products/83470407/lik61_512.webp,https://www.meesho.com/50pcs-pipe-puzzle-blocks-set-for-kids-creative-building-toys-for-3-8-year-old-boys-girls-educational-construction-toy-for-learning-indoor-play-multicolor/p/1dp26f,50+ Pcs Pipe Puzzle Building Blocks Set for Kids (3-8 Years). Material: Plastic. Size: Free Size (3-8 years). Colour: Multicolor.,1,Free Size (3-8 years),Plastic,True,7 days,Varies by pincode,2026-10-09T21:00:20,category/toys-&-games,meesho_scraped_20261009.csv
MEESHO_373616949,"12 Pcs Newborn Baby Bath Toys, BPA Free and Non-Toxic",Toys & Games,Toys & Games,Unbranded,209,197,6,4.0,222,In Stock,Dorytoys,https://images.meesho.com/images/products/373616949/gfrd4_512.webp,https://www.meesho.com/12-pcs-new-born-baby-chu-chu-bath-toys-with-bpa-free-non-toxic-bath-toy/p/66fwol,"12 Pcs Newborn Baby Bath Toys, BPA Free and Non-Toxic. Material: Plastic. Colour: Multicolor.",1,Free Size,Plastic,True,7 days,Varies by pincode,2026-10-09T21:00:40,category/toys-&-games,meesho_scraped_20261009.csv
MEESHO_457089178,Lallafy Intelligence Book - Interactive Musical English Phonetic Learning Book (3+ Years),Books,Books,Lallafy,258,241,7,3.9,7870,In Stock,RRRETAIL,https://images.meesho.com/images/products/457089178/84geu_512.webp,https://www.meesho.com/lallafy-intelligence-book-interactive-book-musical-english-educational-phonetic-learning-book-for-3-year/p/7k509m,Interactive sound book that teaches English phonetics to children aged 3+. Colour: Multicolor.,1,Free Size,Not specified,True,7 days,Varies by pincode,2026-10-09T21:01:00,category/books,meesho_scraped_20261009.csv
MEESHO_467178057,All-in-One Learning Board Book Set for Children (Pack of 6),Books,Books,Unbranded,180,180,0,4.5,9251,In Stock,GOWOO,https://images.meesho.com/images/products/467178057/ni0ys_512.webp,https://www.meesho.com/all-in-one-learning-board-book-set-for-children-a-abc-numbers-fruits-vegetables-wild-animals-birds-educational-picture-books-for-toddlers-baby-board-books-pack-of-6-books/p/7q58w9,"Six picture board books: ABC, numbers, fruits, vegetables, wild animals and birds. Colour: Multicolor.",1,Free Size,Board book,True,7 days,Varies by pincode,2026-10-09T21:01:20,category/books,meesho_scraped_20261009.csv
MEESHO_466938442,My First All in One Board Book,Books,Books,Unbranded,98,98,0,4.2,7225,In Stock,GOWOO,https://images.meesho.com/images/products/466938442/wyhx6_512.webp,https://www.meesho.com/my-first-all-in-one-board-book-essential-board-book-of-all-in-one-early-childhood-learning-books-birthday-gifts-for-children-best-friend/p/7q040a,All-in-one early learning board book for toddlers. Colour: Multicolor.,1,Free Size,Board book,True,7 days,Varies by pincode,2026-10-09T21:01:40,category/books,meesho_scraped_20261009.csv
MEESHO_175276682,Children's Magic Practice Copybook (4 Book + 10 Refill + 1 Pen + 1 Grip),Books,Books,Unbranded,134,128,4,4.2,3275,In Stock,PACHIBA ENTERPRISE,https://images.meesho.com/images/products/175276682/ckmqr_512.webp,https://www.meesho.com/childrens-magic-practice-copybook-4-book-10-refill-1-pen-1-grip-activity-book-for-preschoolers-with-pen-magic-calligraphy-book-set-practical-reusable-writing-tool-simple-hand-lettering/p/2wcscq,"Reusable magic handwriting practice books for preschoolers, with disappearing-ink pen. Colour: Multicolor.",1,Free Size,Not specified,True,7 days,Varies by pincode,2026-10-09T21:02:00,category/books,meesho_scraped_20261009.csv
MEESHO_515352586,Sank Magic Practice Copybook Set (4 Book + 10 Refill + 1 Pen + 1 Grip),Books,Books,Sank,139,139,0,4.4,791,In Stock,NIKU_ENTERPRISE,https://images.meesho.com/images/products/515352586/wdhkh_512.webp,https://www.meesho.com/magic-book-for-kids-sank-magic-practice-copybook-4-book10-refill1-pen1-grip-number-tracing-book-for-pre-schoolers-with-pen-magic-calligraphy-copybook-set-writing-tool-for-kids/p/8itslm,Number tracing and calligraphy practice copybook set for pre-schoolers. Colour: Multicolor.,1,Free Size,Not specified,True,7 days,Varies by pincode,2026-10-09T21:02:20,category/books,meesho_scraped_20261009.csv
MEESHO_170163658,Sank Magic Book Set (4 Book + 10 Refill + 1 Pen + 1 Grip),Books,Books,Sank,123,72,41,4.2,1929,In Stock,PACHIBA ENTERPRISE,https://images.meesho.com/images/products/170163658/brhxz_512.webp,https://www.meesho.com/sank-magic-book-4-book-10-refill-1-pen-1-grip-practice-copybook-number-tracing-book-for-preschoolers-with-pen-caligraphy-book-set-with-writing-refill/p/2tb74a,Sank Magic Book Set (4 Book + 10 Refill + 1 Pen + 1 Grip). Brand: Sank. Colour: Multicolor.,1,Free Size,Not specified,True,7 days,Varies by pincode,2026-10-09T21:02:40,category/books,meesho_scraped_20261009.csv
MEESHO_439192427,My First Picture Colouring Library Set (10 Colouring Books),Books,Books,GOWOO,157,157,0,4.4,2506,In Stock,GOWOO,https://images.meesho.com/images/products/439192427/mkqnz_512.webp,https://www.meesho.com/my-first-picture-colouring-library-set-learning-book-for-kids-educational-picture-books-with-coloring-for-toddlers-collection-of-10-coloring-books/p/79hf1n,Set of 10 educational picture colouring books for toddlers. Language: English. Colour: Multicolor.,1,Free Size,Paperback,True,7 days,Varies by pincode,2026-10-09T21:03:00,category/books,meesho_scraped_20261009.csv
MEESHO_328066350,Master Your Emotions: A Practical Guide to Overcome Negativity,Books,Books,Unbranded,108,103,5,4.3,2402,In Stock,BooksShops,https://images.meesho.com/images/products/328066350/2w46p_512.webp,https://www.meesho.com/master-your-emotions-a-practical-guide-to-overcome-negativity-and-better-manage-your-feelings/p/5fblm6,"Self-help guide to managing emotions and negativity. Language: English, paperback.",1,Free Size,Paperback,True,7 days,Varies by pincode,2026-10-09T21:03:20,category/books,meesho_scraped_20261009.csv
MEESHO_450275591,The 48 Laws of Power (Paperback Summary),Books,Books,Unbranded,127,123,3,4.1,2453,In Stock,Shanti zone,https://images.meesho.com/images/products/450275591/ycyao_512.webp,https://www.meesho.com/the-48-laws-of-poower-paperback-summary/p/7g2yvb,"Summary edition of The 48 Laws of Power by Robert Greene. Language: English, paperback.",1,Free Size,Paperback,True,7 days,Varies by pincode,2026-10-09T21:03:40,category/books,meesho_scraped_20261009.csv
MEESHO_463594164,The Power of Your Subconscious Mind by Joseph Murphy,Books,Books,Unbranded,103,103,0,4.4,1790,In Stock,Books.Store,https://images.meesho.com/images/products/463594164/od5mc_512.webp,https://www.meesho.com/the-power-of-your-subconscious-mind-by-joseph-murphy/p/7o0fjo,"Self-help classic by Joseph Murphy. Language: English, hardcover.",1,Free Size,Hardcover,True,7 days,Varies by pincode,2026-10-09T21:04:00,category/books,meesho_scraped_20261009.csv
MEESHO_471675593,How to Develop Self-Confidence & Influence People by Public Speaking,Books,Books,GOWOO,113,113,0,4.4,1438,In Stock,GOWOO,https://images.meesho.com/images/products/471675593/9ujbz_512.webp,https://www.meesho.com/how-to-develop-self-confidence-influence-people-by-public-speaking-paperback-all-time-best-motivational-guide-classic-book-on-public-speaking-learning-novel-book/p/7stn7t,"Motivational guide to public speaking and self-confidence. Language: English, paperback.",1,Free Size,Paperback,True,7 days,Varies by pincode,2026-10-09T21:04:20,category/books,meesho_scraped_20261009.csv
MEESHO_516469825,Read People Like a Book,Books,Books,Unbranded,116,110,5,4.2,1622,In Stock,BooksShops,https://images.meesho.com/images/products/516469825/qhbns_512.webp,https://www.meesho.com/read-people-like-a-book-how-to-analyze-understand-and-predict-peoples-emotions-thoughts-intentions-and-behaviors/p/8jhqo1,"Guide to analysing and predicting people's emotions, thoughts and behaviour. Language: English, paperback.",1,Free Size,Paperback,True,7 days,Varies by pincode,2026-10-09T21:04:40,category/books,meesho_scraped_20261009.csv
MEESHO_456821570,The Art of Not Overthinking + The Art of Being Alone (Combo of 2),Books,Books,Unbranded,105,105,0,4.3,3244,In Stock,BOOKISHBEAT,https://images.meesho.com/images/products/456821570/l2ara_512.webp,https://www.meesho.com/combo-of-the-art-of-not-overthinking-believing-in-yourself-and-building-your-dream-life-andthe-art-of-being-alone-solitude-is-my-home-loneliness-was-my-cage/p/7jz9s2,"Combo of two self-help books by Renuka Gavrani. Language: English, paperback.",1,Free Size,Paperback,True,7 days,Varies by pincode,2026-10-09T21:05:00,category/books,meesho_scraped_20261009.csv
MEESHO_541794196,Pocket Hanuman Chalisa Book (Wooden Finish),Books,Books,Paras Books,69,48,30,4.5,1105,In Stock,PARAS BOOKS,https://images.meesho.com/images/products/541794196/ofkfu_512.webp,https://www.meesho.com/pocket-friendly-hanuman-chalisa-wooden-finish-hanuman-chalisa-book-for-mandir-pocket-book/p/8ykj2s,Pocket-size Hanuman Chalisa with wooden-finish cover. Language: Hindi.,1,Free Size,Hardcover,True,7 days,Varies by pincode,2026-10-09T21:05:20,category/books,meesho_scraped_20261009.csv
MEESHO_437633718,My First Shlokas and Mantras Book for Kids,Books,Books,Bookford,129,120,7,4.5,2355,In Stock,BOOKFORD,https://images.meesho.com/images/products/437633718/4cbay_512.webp,https://www.meesho.com/my-first-shlokas-and-mantras-book-for-kids-sanskrit-prayer-spiritual-learning-book-for-children/p/78k0c6,"Sanskrit prayers and shlokas board book for children, by Bookford Publications. Colour: Multicolor.",1,Free Size,Board Book,True,7 days,Varies by pincode,2026-10-09T21:05:40,category/books,meesho_scraped_20261009.csv
MEESHO_124517292,Sunderkand by Goswami Tulsidas,Books,Books,Unbranded,153,138,10,4.4,1026,In Stock,ApnaBazzar,https://images.meesho.com/images/products/124517292/f96ox_512.webp,https://www.meesho.com/sunderkand/p/224u5o,"Sunderkand by Goswami Tulsidas. Language: Hindi, paperback.",1,Free Size,Paperback,True,7 days,Varies by pincode,2026-10-09T21:06:00,category/books,meesho_scraped_20261009.csv
MEESHO_115240630,Gita Press Durga Saptashati (Code 1281),Books,Books,Gita Press,106,106,0,4.6,947,In Stock,Ratanjyot Aastha Gallery,https://images.meesho.com/images/products/115240630/zoncj_512.webp,https://www.meesho.com/gita-press-durga-saptashati-book-code-1281/p/1wm08m,"Durga Saptashati published by Gita Press, Gorakhpur. Language: Hindi, hardcover.",1,Free Size,Hardcover,True,7 days,Varies by pincode,2026-10-09T21:06:20,category/books,meesho_scraped_20261009.csv
MEESHO_544500638,Shri Hanuman Chalisa & Hanuman Ashtak Pocket Book (Pack of 2),Books,Books,CP Mall,34,30,12,4.3,463,In Stock,CP MALL,https://images.meesho.com/images/products/544500638/riij5_512.webp,https://www.meesho.com/cp-mall-shri-hanuman-chalisa-hanuman-chalisa-book-hanuman-ashtak-bajrang-bali-hanuman-chalisa-pocket-size-book-pack-of-2/p/906jdq,"Pocket-size Hanuman Chalisa and Hanuman Ashtak, pack of 2, by Mahalaxmi Prakashan. Language: Hindi.",1,Free Size,Paperback,True,7 days,Varies by pincode,2026-10-09T21:06:40,category/books,meesho_scraped_20261009.csv
MEESHO_111003938,Gulamgiri by Mahatma Jyotiba Phule (Hindi),Books,Books,Unbranded,151,124,18,4.3,547,In Stock,adarsh book gallery,https://images.meesho.com/images/products/111003938/d5iuh_512.webp,https://www.meesho.com/gulamgiri-hindi/p/1u376q,"Gulamgiri by Mahatma Jyotiba Phule. Language: Hindi, paperback.",1,Free Size,Paperback,True,7 days,Varies by pincode,2026-10-09T21:07:00,category/books,meesho_scraped_20261009.csv
MEESHO_110856464,Bharat Ka Samvidhan (Hindi Edition),Books,Books,GOWOO,164,164,0,4.0,2851,In Stock,GOWOO,https://images.meesho.com/images/products/110856464/xlwoy_512.webp,https://www.meesho.com/bharat-ka-savidhan-hindi-edition-career-books/p/1u01e8,"Constitution of India in Hindi, for competitive exam preparation. Paperback.",1,Free Size,Paperback,True,7 days,Varies by pincode,2026-10-09T21:07:20,category/books,meesho_scraped_20261009.csv
MEESHO_547128229,UPSSSC PET 2025 Study Guide by Ankit Bhati (Hindi),Books,Books,Unbranded,325,325,0,4.4,82,In Stock,AJAY BOOK SELLERS,https://images.meesho.com/images/products/547128229/ejq3f_512.webp,https://www.meesho.com/upsssc-pet-2025-ankit-bhati-hindi/p/91quud,"UPSSSC PET 2025 exam study guide by Ankit Bhati. Language: Hindi, paperback.",1,Free Size,Paperback,True,7 days,Varies by pincode,2026-10-09T21:07:40,category/books,meesho_scraped_20261009.csv
MEESHO_452845156,UP NMMS Exam Guide by Vinod Kumar,Books,Books,Unbranded,306,306,0,4.2,92,In Stock,Raghav Prakashan Store,https://images.meesho.com/images/products/452845156/9guxc_512.webp,https://www.meesho.com/up-nmms/p/7hm1k4,"UP NMMS scholarship exam preparation book by Vinod Kumar. Language: Hindi, paperback.",1,Free Size,Paperback,True,7 days,Varies by pincode,2026-10-09T21:08:00,category/books,meesho_scraped_20261009.csv
MEESHO_446912305,Think And Grow Rich (Hindi),Books,Books,Unbranded,111,111,0,4.1,1852,In Stock,BOOKISHBEAT,https://images.meesho.com/images/products/446912305/l9vwd_512.webp,https://www.meesho.com/think-and-grow-rich-hindi/p/7e2vqp,Hindi paperback edition of 'Think And Grow Rich' by Napoleon Hill.,1,Free Size,Paperback,True,7 days,Varies by pincode,2026-10-09T21:08:20,category/books,meesho_scraped_20261009.csv
MEESHO_197049789,"The Psychology of Money: Timeless Lessons on Wealth, Greed, and Happiness",Books,Books,Unbranded,104,104,0,4.1,4279,In Stock,SMUT VERSE,https://images.meesho.com/images/products/197049789/kvgxw_512.webp,https://www.meesho.com/the-psychology-of-money-timeless-lessons-on-wealth-greed-and-happiness-by-morgan-housel/p/39bgl9,English paperback edition of 'The Psychology of Money' by Morgan Housel.,1,Free Size,Paperback,True,7 days,Varies by pincode,2026-10-09T21:08:40,category/books,meesho_scraped_20261009.csv
MEESHO_137127370,The Secret (English) by Rhonda Byrne,Books,Books,Unbranded,94,94,0,4.3,4204,In Stock,SMUT VERSE,https://images.meesho.com/images/products/137127370/pxbhm_512.webp,https://www.meesho.com/the-secret-english-by-rhonda-byrne-self-help-book-with-amazing-secrets/p/29n45m,English paperback edition of 'The Secret' by Rhonda Byrne.,1,Free Size,Paperback,True,7 days,Varies by pincode,2026-10-09T21:09:00,category/books,meesho_scraped_20261009.csv
MEESHO_160644404,"Good Vibes, Good Life by Vex King",Books,Books,Unbranded,104,104,0,4.3,7848,In Stock,MANK SHOP,https://images.meesho.com/images/products/160644404/yjxld_512.webp,https://www.meesho.com/good-vibs-good-life-by-vex/p/2nn60k,"English paperback edition of 'Good Vibes, Good Life' by Vex King.",1,Free Size,Paperback,True,7 days,Varies by pincode,2026-10-09T21:09:20,category/books,meesho_scraped_20261009.csv
MEESHO_81668123,Think and Grow by Napoleon Hill,Books,Books,Unbranded,114,109,4,4.3,3990,In Stock,M MASTINO,https://images.meesho.com/images/products/81668123/1ljqm_512.webp,https://www.meesho.com/think-and-grow-by-napoleon-hill/p/1cmfiz,Book 'Think and Grow' by Napoleon Hill.,1,Free Size,Not specified,True,7 days,Varies by pincode,2026-10-09T21:09:40,category/books,meesho_scraped_20261009.csv
MEESHO_628065864,Srimad Bhagavad Gita (Gujarati) by A.C. Bhaktivedanta Swami Srila Prabhupada,Books,Books,Unbranded,266,266,0,4.7,157,In Stock,The Travelling Sankitan Party,https://images.meesho.com/images/products/628065864/fga0n_512.webp,https://www.meesho.com/srimad-bhagavad-gita-gujarati-ac-bhaktivedanta-swami-srila-prabhupada-bhaktivedanta-book-trust-2023-edition/p/adxmq0,Gujarati hardcover edition of 'Srimad Bhagavad Gita' by A.C. Bhaktivedanta Swami Srila Prabhupada.,1,Free Size,Hardcover,True,7 days,Varies by pincode,2026-10-09T21:10:00,category/books,meesho_scraped_20261009.csv
MEESHO_474117210,Main Mrityu Sikhata Hoon,Books,Books,Unbranded,149,143,4,4.3,38,In Stock,Shanti zone,https://images.meesho.com/images/products/474117210/gehrs_512.webp,https://www.meesho.com/main-mrityu-sikhata-hoon/p/7u9z6i,Hindi paperback edition of 'Main Mrityu Sikhata Hoon' by Osho.,1,Free Size,Paperback,True,7 days,Varies by pincode,2026-10-09T21:10:20,category/books,meesho_scraped_20261009.csv
MEESHO_439212629,Shrihit Chaurasi,Books,Books,Unbranded,223,208,7,4.7,683,In Stock,PARAS BOOKS,https://images.meesho.com/images/products/439212629/ytlxk_512.webp,https://www.meesho.com/shrihit-chaurasi/p/79humt,Hindi paperback edition of 'Shrihit Chaurasi' by Goswami Shrihit Harivansh Chandra Ji.,1,Free Size,Paperback,True,7 days,Varies by pincode,2026-10-09T21:10:40,category/books,meesho_scraped_20261009.csv
MEESHO_367566456,"The Holy Quran (English, Urdu Translation, Roman Transliteration, Arabic Text)",Books,Books,Unbranded,391,391,0,4.6,605,In Stock,Famous Book Store,https://images.meesho.com/images/products/367566456/iqqpv_512.webp,https://www.meesho.com/s-islamic-store-original-product-the-holy-quran-english-with-new-edition-urdu-translation-transliteration-in-roman-script-with-transliteration-arabic-text-5-star-paper-quality-quran/p/62u83c,"Hardcover edition of 'The Holy Quran' with English and Urdu translation, Roman transliteration and Arabic text.",1,Free Size,Hardcover,True,7 days,Varies by pincode,2026-10-09T21:11:00,category/books,meesho_scraped_20261009.csv
MEESHO_543312697,"Hindi Bodh Samanya Hindi, 6th Edition 2025 (6550+ Objective Questions)",Books,Books,Universal Books,276,276,0,4.4,328,In Stock,yashi book store,https://images.meesho.com/images/products/543312697/rlawq_512.webp,https://www.meesho.com/universal-books-hindi-bodh-samanya-hindi-6th-edition-2025-by-rajpal-singh-with-6550-objective-questions/p/8zh2rd,Hindi paperback edition of 'Hindi Bodh Samanya Hindi' by Rajpal Singh.,1,Free Size,Paperback,True,7 days,Varies by pincode,2026-10-09T21:11:20,category/books,meesho_scraped_20261009.csv
MEESHO_422876399,Lucent's Objective General Knowledge,Books,Books,Lucent's Publication,385,385,0,4.5,277,In Stock,RULU ENTERPRISES,https://images.meesho.com/images/products/422876399/i3x0r_512.webp,https://www.meesho.com/lucents-publication-objective-general-knowledge/p/6zrpin,Hindi paperback edition of 'Objective General Knowledge' by Lucent.,1,Free Size,Paperback,True,7 days,Varies by pincode,2026-10-09T21:11:40,category/books,meesho_scraped_20261009.csv
MEESHO_496490539,Static GK Sanjivani 2.0 Book,Books,Books,Winners Publication,140,125,11,4.3,185,In Stock,WINNERS ONLINE EDUTECH PRIVATE LIMITED,https://images.meesho.com/images/products/496490539/bfavn_512.webp,https://www.meesho.com/static-gk-sanjivani-2o-book/p/87lijv,Hindi paperback edition of 'Static GK Sanjivani 2.0' by Winners Publication.,1,Free Size,Paperback,True,7 days,Varies by pincode,2026-10-09T21:12:00,category/books,meesho_scraped_20261009.csv
MEESHO_424157158,PR Yadav's Competitive Handbook of Nursing Vol 2,Books,Books,Unbranded,543,543,0,4.4,244,In Stock,RULU ENTERPRISES,https://images.meesho.com/images/products/424157158/z8chn_512.webp,https://www.meesho.com/pr-yadavs-competitive-handbook-of-nursing-vol-2/p/70j5ra,English paperback edition of 'Competitive Handbook of Nursing Vol 2' by P R Yadav.,1,Free Size,Paperback,True,7 days,Varies by pincode,2026-10-09T21:12:20,category/books,meesho_scraped_20261009.csv
MEESHO_512822985,Ankit Bhati Static GK (Hindi),Books,Books,Unbranded,193,193,0,4.2,622,In Stock,LDSMARKETING,https://images.meesho.com/images/products/512822985/p9lks_512.webp,https://www.meesho.com/ankit-bhati-static-gk-paperback-hindi/p/8hbkqx,Hindi paperback edition of 'Static GK' by Ankit Bhati.,1,Free Size,Paperback,True,7 days,Varies by pincode,2026-10-09T21:12:40,category/books,meesho_scraped_20261009.csv
MEESHO_467358823,The E-Myth Revisited by Michael E. Gerber,Books,Books,Unbranded,146,146,0,4.1,55,In Stock,S S ADVERTISING,https://images.meesho.com/images/products/467358823/zty3o_512.webp,https://www.meesho.com/the-e-myth-revisited-paperback-michael-e-gerber/p/7q94dj,English paperback edition of 'The E-Myth Revisited' by Michael E. Gerber.,1,Free Size,Paperback,True,7 days,Varies by pincode,2026-10-09T21:13:00,category/books,meesho_scraped_20261009.csv
MEESHO_455973809,Talk Like TED by Carmine Gallo,Books,Books,Unbranded,159,159,0,4.0,11,In Stock,S S ADVERTISING,https://images.meesho.com/images/products/455973809/q9wvw_512.webp,https://www.meesho.com/talk-like-ted-english-paperback-gallo-carmine/p/7jh3n5,English paperback edition of 'Talk Like TED' by Carmine Gallo.,1,Free Size,Paperback,True,7 days,Varies by pincode,2026-10-09T21:13:20,category/books,meesho_scraped_20261009.csv
MEESHO_452961381,Supply and Demand Trading by Frank Miller,Books,Books,Unbranded,129,129,0,4.2,52,In Stock,S S ADVERTISING,https://images.meesho.com/images/products/452961381/eqv2l_512.webp,https://www.meesho.com/supply-and-demand-trading-english-paperback-miller-frank/p/7hoj8l,English paperback edition of 'Supply and Demand Trading' by Frank Miller.,1,Free Size,Paperback,True,7 days,Varies by pincode,2026-10-09T21:13:40,category/books,meesho_scraped_20261009.csv
MEESHO_445037735,The Daily Stoic by Ryan Holiday,Books,Books,Unbranded,170,170,0,4.4,92,In Stock,S S ADVERTISING,https://images.meesho.com/images/products/445037735/ps4h4_512.webp,https://www.meesho.com/the-daily-stoic-english-paperback-holiday-ryan/p/7cypbb,English paperback edition of 'The Daily Stoic' by Ryan Holiday.,1,Free Size,Paperback,True,7 days,Varies by pincode,2026-10-09T21:14:00,category/books,meesho_scraped_20261009.csv
MEESHO_500773690,"Market Wizards, Updated by Jack D. Schwager",Books,Books,Unbranded,167,167,0,4.2,25,In Stock,SHYAAM.TRADERSS,https://images.meesho.com/images/products/500773690/rjhok_512.webp,https://www.meesho.com/market-wizards-updated-english-paperback-schwager-jack-d/p/8a5bga,"English paperback edition of 'Market Wizards, Updated' by Jack D. Schwager.",1,Free Size,Paperback,True,7 days,Varies by pincode,2026-10-09T21:14:20,category/books,meesho_scraped_20261009.csv
MEESHO_195975483,The $100 Startup by Chris Guillebeau,Books,Books,Unbranded,151,151,0,4.3,9,In Stock,MANK SHOP,https://images.meesho.com/images/products/195975483/f1cwz_512.webp,https://www.meesho.com/100-startup-by-chris-guillebeau/p/38ofnf,English paperback edition of 'The $100 Startup' by Chris Guillebeau.,1,Free Size,Paperback,True,7 days,Varies by pincode,2026-10-09T21:14:40,category/books,meesho_scraped_20261009.csv
MEESHO_368698919,Rapidex Spoken English,Books,Books,Rapidex,269,217,19,4.2,204,In Stock,PUSTAK MAHAL,https://images.meesho.com/images/products/368698919/idzme_512.webp,https://www.meesho.com/rapidex-spoken-english/p/63ihwn,English paperback edition of 'Rapidex Spoken English' by Rohit Gupta and Udit Gupta.,1,Free Size,Paperback,True,7 days,Varies by pincode,2026-10-09T21:15:00,category/books,meesho_scraped_20261009.csv
MEESHO_898648055,Oxford Mini English Dictionary,Books,Books,OUP India,251,236,6,4.3,131,In Stock,PamaGroup,https://images.meesho.com/images/products/898648055/bvo6l_512.webp,https://www.meesho.com/oup-india-oxford-mini-english-dictionary-oxford-dictionary-english-paperback-unknown/p/ev159z,English paperback edition of 'Oxford Mini English Dictionary' from OUP India.,1,Free Size,Paperback,True,7 days,Varies by pincode,2026-10-09T21:15:20,category/books,meesho_scraped_20261009.csv
MEESHO_350198349,Sangharsh Apane Viruddh (Hindi) by Acharya Prashant,Books,Books,PrashantAdvait Foundation,218,186,15,4.5,273,In Stock,PrashantAdvait Foundation,https://images.meesho.com/images/products/350198349/xusok_512.webp,https://www.meesho.com/sangharsh-apane-viruddh-hindi-by-acharya-prashant-paperback/p/5shyrx,Hindi paperback edition of 'Sangharsh Apane Viruddh' by Acharya Prashant.,1,Free Size,Paperback,True,7 days,Varies by pincode,2026-10-09T21:15:40,category/books,meesho_scraped_20261009.csv
MEESHO_473913097,Bubblex Crystal Coating Liquid for Car & Bike Plastic Parts (30 ml),Automotive,Automotive,Bubblex,112,90,20,3.9,16775,In Stock,VANI ENTERPRIES,https://images.meesho.com/images/products/473913097/4gjiu_512.webp,https://www.meesho.com/bubblex-crystal-coating-liquid-for-plastic-parts-for-car-and-bike-30-ml/p/7u5lop,Crystal coating liquid that restores shine on car and bike plastic parts. Colour: Black.,1,30 ml,Not specified,True,7 days,Varies by pincode,2026-10-09T21:16:00,category/automotive,meesho_scraped_20261009.csv
MEESHO_507709131,Car & Bike Body Polish Spray 250 ml Kit with Microfiber Cloths,Automotive,Automotive,Unbranded,155,136,12,4.0,8573,In Stock,GLAZE,https://images.meesho.com/images/products/507709131/wmhks_512.webp,https://www.meesho.com/car-bike-body-polish-spray-250ml-kit-with-microfiber-cloths-foam-applicator-scratch-shine-gloss-polish/p/8e9yvf,Body polish spray kit with microfiber cloths and foam applicator. Colour: Black.,1,250 ml,Not specified,True,7 days,Varies by pincode,2026-10-09T21:16:20,category/automotive,meesho_scraped_20261009.csv
MEESHO_40483231,KVA KV-135 Tubeless Tyre Puncture Repair Kit,Automotive,Automotive,KVA,168,152,10,4.1,19903,In Stock,KVA,https://images.meesho.com/images/products/40483231/sghn3_512.webp,https://www.meesho.com/kva-kv-135-tubeless-tyre-puncture-repair-kit/p/o3p27,Tubeless tyre puncture repair kit for cars and bikes. Colour: Multicolor.,1,Free Size,Not specified,True,7 days,Varies by pincode,2026-10-09T21:16:40,category/automotive,meesho_scraped_20261009.csv
MEESHO_433747845,Waterproof Two-Wheeler Cover (Activa / 125-150 cc),Automotive,Automotive,Unbranded,148,148,0,3.9,13630,In Stock,RPG Hub,https://images.meesho.com/images/products/433747845/taoyu_512.webp,https://www.meesho.com/honda-activa-6g-5g-4g3g125cc-two-wealer-cover-waterproof-125cc-and-all-150-cc-two-wealer-cover/p/768pz9,Waterproof body cover for Activa and other 125-150 cc two-wheelers. Colour: Multicolor.,1,Free Size,Matty,True,7 days,Varies by pincode,2026-10-09T21:17:00,category/automotive,meesho_scraped_20261009.csv
MEESHO_388525493,360 Degree Blind Spot Convex Mirrors (Pack of 2),Automotive,Automotive,Unbranded,134,105,22,4.2,5660,In Stock,SUNHET ENTERPRISE,https://images.meesho.com/images/products/388525493/tipix_512.webp,https://www.meesho.com/sunhet-enterprise2-pack-of-360-degree-blind-spot-round-wide-angle-adjustable-convex-rear-view-mirror-side-blind-spot-mirrors/p/6fbg6t,"Adjustable wide-angle blind spot mirrors for cars, pack of 2. Colour: Others.",1,Free Size,Not specified,True,7 days,Varies by pincode,2026-10-09T21:17:20,category/automotive,meesho_scraped_20261009.csv
MEESHO_536093054,"Open Face Helmet, ISI Approved (Red)",Automotive,Automotive,Unbranded,558,558,0,4.1,114,In Stock,GATIK ENTERPRISES,https://images.meesho.com/images/products/536093054/0cp7t_512.webp,https://www.meesho.com/open-face-helmet-isi-approved/p/8v6c1q,"Open Face Helmet, ISI Approved (Red). Colour: Red.",1,Free Size,Not specified,True,7 days,Varies by pincode,2026-10-09T21:17:40,category/automotive,meesho_scraped_20261009.csv
MEESHO_28930797,Half Face Bike Helmet (Black),Automotive,Automotive,Unbranded,557,285,49,3.7,689,In Stock,AAHIL ENTERPRISES,https://images.meesho.com/images/products/28930797/nk7so_512.webp,https://www.meesho.com/fancy-cool-product/p/h8359,Half Face Bike Helmet (Black). Material: Plastic. Size: One Size. Colour: Black.,1,One Size,Plastic,True,7 days,Varies by pincode,2026-10-09T21:18:00,category/automotive,meesho_scraped_20261009.csv
MEESHO_406497559,"DALPHIN MODA Half Face Nano Cap Helmet, ISI Approved",Automotive,Automotive,DALPHIN MODA,649,649,0,3.8,754,In Stock,GATIK ENTERPRISES,https://images.meesho.com/images/products/406497559/ygthe_512.webp,https://www.meesho.com/dalphin-moda-half-face-neno-cap-model-unisex-isi-approved-helmet-using-for-bike-and-scooty-riding-safety-helmet/p/6q0niv,"DALPHIN MODA Half Face Nano Cap Helmet, ISI Approved. Brand: DALPHIN MODA. Material: ABS. Size: M. Colour: Black.",1,M,ABS,True,7 days,Varies by pincode,2026-10-09T21:18:20,category/automotive,meesho_scraped_20261009.csv
MEESHO_253177788,Urban Carrier Open Face Helmet with Adjustable Strap,Automotive,Automotive,Urban Carrier,576,548,5,3.9,336,In Stock,REMARK CROP GROUP,https://images.meesho.com/images/products/253177788/grg0w_512.webp,https://www.meesho.com/urban-carrier-open-face-helmet-with-adjustable-strap-sturdy-head-protector-for-bike-motorbike-helmet/p/46qh8c,Urban Carrier Open Face Helmet with Adjustable Strap. Brand: Urban Carrier. Material: ABS. Size: M. Colour: Grey.,1,M,ABS,True,7 days,Varies by pincode,2026-10-09T21:18:40,category/automotive,meesho_scraped_20261009.csv
MEESHO_141608333,FUERY ISI Nano Cap Helmet for Men & Women (Blue),Automotive,Automotive,FUERY,551,542,2,3.7,2711,In Stock,AAHIL ENTERPRISES,https://images.meesho.com/images/products/141608333/fjpax_512.webp,https://www.meesho.com/fuery-isi-nano-cap-hlmet-for-men-women-atractive-color-blue/p/2cb5ot,FUERY ISI Nano Cap Helmet for Men & Women (Blue). Brand: FUERY. Material: Plastic. Size: One Size. Colour: Blue.,1,One Size,Plastic,True,7 days,Varies by pincode,2026-10-09T21:19:00,category/automotive,meesho_scraped_20261009.csv
MEESHO_271589188,TRYFLY Helmet Chin Camera Mount with Mic & Mobile Holder,Automotive,Automotive,TRYFLY,270,270,0,3.9,2440,In Stock,TRYFLY,https://images.meesho.com/images/products/271589188/o6xve_512.webp,https://www.meesho.com/tryfly-helmet-strap-camera-mount-helmet-camera-mount-mobile-setup-for-motovloggingchin-mountmicmobileholder-3574-ratings-16-reviews/p/4hp3k4,TRYFLY Helmet Chin Camera Mount with Mic & Mobile Holder. Brand: TRYFLY. Colour: Black.,1,Free Size,Not specified,True,7 days,Varies by pincode,2026-10-09T21:19:20,category/automotive,meesho_scraped_20261009.csv
MEESHO_126182428,Alisan PU Leather Car Back Seat Organizer with Tray,Automotive,Automotive,Alisan,619,497,20,4.2,693,In Stock,360i Creation,https://images.meesho.com/images/products/126182428/9rrgg_512.webp,https://www.meesho.com/alisan-pu-leather-back-organizer-multi-pocket-with-tray-travel-storage-bag-with-hangers-tissue-paper-and-bottle-holder-black/p/234izg,Alisan PU Leather Car Back Seat Organizer with Tray. Brand: Alisan. Material: PU Leather. Colour: Black.,1,Free Size,PU Leather,True,7 days,Varies by pincode,2026-10-09T21:19:40,category/automotive,meesho_scraped_20261009.csv
MEESHO_57744276,Aksmit Anti-Scratch Nonslip Car Gear Cover,Automotive,Automotive,Aksmit,148,130,12,4.0,1277,In Stock,AKSMIT INTERNATIONAL,https://images.meesho.com/images/products/57744276/pyh0m_512.webp,https://www.meesho.com/aksmit-anti-scratch-nonslip-car-gear-cover-black/p/ydnro,Aksmit Anti-Scratch Nonslip Car Gear Cover. Brand: Aksmit. Material: Silicone. Colour: Black.,1,Free Size,Silicone,True,7 days,Varies by pincode,2026-10-09T21:20:00,category/automotive,meesho_scraped_20261009.csv
MEESHO_162261314,EliteAuto Car Interior Beading Trim Strip 5 m with Tool,Automotive,Automotive,EliteAuto,155,155,0,3.8,516,In Stock,Elite Business,https://images.meesho.com/images/products/162261314/h6e5y_512.webp,https://www.meesho.com/eliteauto-premium-car-interior-beading-trim-strips-5m164ft-universal-car-gap-fillers-automobile-moulding-line-decorative-accessories-diy-flexible-strip-garnish-accessory-with-installing-tool-blue/p/2oltmq,EliteAuto Car Interior Beading Trim Strip 5 m with Tool. Brand: EliteAuto. Material: Plastic Polymers. Size: 5 m. Colour: Blue.,1,5 m,Plastic Polymers,True,7 days,Varies by pincode,2026-10-09T21:20:20,category/automotive,meesho_scraped_20261009.csv
MEESHO_82003496,CLIMATE Car Backseat Headrest Hooks (Pack of 8),Automotive,Automotive,CLIMATE,136,136,0,4.1,255,In Stock,BLACKBIRD_ENTERPRISE,https://images.meesho.com/images/products/82003496/uf1re_512.webp,https://www.meesho.com/climate-car-backseat-head-rest-hookhanger-plastic-hanging-storage-holder-black-pack-of-8/p/1ctmaw,CLIMATE Car Backseat Headrest Hooks (Pack of 8). Brand: CLIMATE. Material: Plastic. Colour: Black.,1,Free Size,Plastic,True,7 days,Varies by pincode,2026-10-09T21:20:40,category/automotive,meesho_scraped_20261009.csv
MEESHO_420296743,ADDEND Adiyogi Shiva Statue with Rudraksha Mala for Car Dashboard (10 cm),Automotive,Automotive,ADDEND,158,158,0,4.5,706,In Stock,Addend,https://images.meesho.com/images/products/420296743/ivbwi_512.webp,https://www.meesho.com/addend-adiyogi-shiva-statue-with-rudraksha-mala-for-car-dash-board-pooja-gift-mahadev-murti-idol-lord-adiyogi-shankara-for-home-office-decor-10-cm/p/6y8f1j,ADDEND Adiyogi Shiva Statue with Rudraksha Mala for Car Dashboard (10 cm). Brand: ADDEND. Size: 10 cm. Colour: Black.,1,10 cm,Not specified,True,7 days,Varies by pincode,2026-10-09T21:21:00,category/automotive,meesho_scraped_20261009.csv
MEESHO_98277429,Motorcycle LED Lights (Blue),Automotive,Automotive,Unbranded,436,415,5,4.0,485,In Stock,PBTA,https://images.meesho.com/images/products/98277429/ho2o3_512.webp,https://www.meesho.com/new-motorcycle-led-lights/p/1mifcl,Motorcycle LED Lights (Blue). Material: Plastic. Colour: Blue.,1,Free Size,Plastic,True,7 days,Varies by pincode,2026-10-09T21:21:20,category/automotive,meesho_scraped_20261009.csv
MEESHO_44919539,Autofledge Universal Bike LED Indicator Light (Blue),Automotive,Automotive,Autofledge,188,164,13,3.9,76,In Stock,CostLine,https://images.meesho.com/images/products/44919539/y8wjm_512.webp,https://www.meesho.com/autofledge-front-rear-side-led-indicator-light-for-bajaj-bullet-datsun-hero-honda-ktm-kawasaki-royal-enfield-tvs-universal-for-bike-yamaha-3-series-4-series-5-series-6-series-blue/p/qqs4z,Autofledge Universal Bike LED Indicator Light (Blue). Brand: Autofledge. Material: ABS Plastic. Colour: Blue.,1,Free Size,ABS Plastic,True,7 days,Varies by pincode,2026-10-09T21:21:40,category/automotive,meesho_scraped_20261009.csv
MEESHO_102463129,Pencil Type Amber LED Bike Indicators (Set of 4),Automotive,Automotive,Mukul Enterprises,245,219,11,4.0,1002,In Stock,SELECTED PRODUCTS,https://images.meesho.com/images/products/102463129/swfcq_512.webp,https://www.meesho.com/mukul-enterprises-ktm-style-sleek-pencil-type-amber-led-indicators-turning-signal-lamps-blinkers-bulb-set-of-4-bike-indicator-lights-motorcycle-100-flexibility/p/1p0521,Pencil Type Amber LED Bike Indicators (Set of 4). Brand: Mukul Enterprises. Colour: Orange.,1,Free Size,Not specified,True,7 days,Varies by pincode,2026-10-09T21:22:00,category/automotive,meesho_scraped_20261009.csv
MEESHO_43305375,"A4S 12V COB LED Module Decorative Light (10 Strips, Blue)",Automotive,Automotive,A4S,154,148,4,4.2,162,In Stock,THEASKART,https://images.meesho.com/images/products/43305375/qr4jw_512.webp,https://www.meesho.com/a4s-led-module-light-interior-exterior-12v-cob-coin-injection-decorative-lamp-with-adhesive-backside-for-car-home-decoration-10-strips-blue/p/ps6n3,"A4S 12V COB LED Module Decorative Light (10 Strips, Blue). Brand: A4S. Colour: Blue.",1,Free Size,Not specified,True,7 days,Varies by pincode,2026-10-09T21:22:20,category/automotive,meesho_scraped_20261009.csv
MEESHO_130073277,ATBROTHERS Universal Car / E-Rickshaw Cover (Without Mirror Pockets),Automotive,Automotive,ATBROTHERS,489,465,5,4.1,458,In Stock,A&T BROTHERS,https://images.meesho.com/images/products/130073277/q5y3r_512.webp,https://www.meesho.com/atbrothers-car-cover-for-universal-for-e-rickshaw-autorickshaw-universal-for-car-without-mirror-pockets/p/25fx6l,ATBROTHERS Universal Car / E-Rickshaw Cover (Without Mirror Pockets). Brand: ATBROTHERS. Material: Taffeta. Colour: Blue.,1,Free Size,Taffeta,True,7 days,Varies by pincode,2026-10-09T21:22:40,category/automotive,meesho_scraped_20261009.csv
MEESHO_47482321,Fexsun Car Cover for Maruti Suzuki New WagonR (Royal Blue),Automotive,Automotive,Fexsun,640,545,15,4.0,410,In Stock,Fexsun,https://images.meesho.com/images/products/47482321/h6nnk_512.webp,https://www.meesho.com/fexsun-car-cover-for-maruti-suzuki-new-wagonr-water-resistant-dustproof-triple-stitched-light-weight-heavy-buckle-royal-blue-color/p/s9pld,Fexsun Car Cover for Maruti Suzuki New WagonR (Royal Blue). Brand: Fexsun. Material: 190T Polyester. Colour: Royal Blue.,1,Free Size,190T Polyester,True,7 days,Varies by pincode,2026-10-09T21:23:00,category/automotive,meesho_scraped_20261009.csv
MEESHO_47728495,"Fexsun Car Cover for Maruti Suzuki Swift Dzire, Water Resistant with Mirror Pockets (Black)",Automotive,Automotive,Fexsun,755,680,10,4.0,128,In Stock,Fexsun,https://images.meesho.com/images/products/47728495/yah6i_512.webp,https://www.meesho.com/fexsun-car-cover-for-maruti-suzuki-swift-dzire-water-resistant-dustproof-with-mirror-pockets-triple-stitched-light-weight-heavy-buckle-black-color/p/sezjj,"Fexsun Car Cover for Maruti Suzuki Swift Dzire, Water Resistant with Mirror Pockets (Black). Brand: Fexsun. Material: 190T Polyester. Colour: Black.",1,Free Size,190T Polyester,True,7 days,Varies by pincode,2026-10-09T21:23:20,category/automotive,meesho_scraped_20261009.csv
MEESHO_385879722,ISI Approved Full Face Helmet for Men & Women (Orange),Automotive,Automotive,Unbranded,544,496,9,3.8,333,In Stock,MUSKANINDUSTRIES,https://images.meesho.com/images/products/385879722/0vvbk_512.webp,https://www.meesho.com/isi-approved-full-face-helmet-for-men-women/p/6dqqp6,ISI Approved Full Face Helmet for Men & Women (Orange). Material: Plastic. Colour: Orange.,1,Free Size,Plastic,True,7 days,Varies by pincode,2026-10-09T21:23:40,category/automotive,meesho_scraped_20261009.csv
MEESHO_396356137,Dalphin Moda ABS Shell Full Face Motorbike Helmet,Automotive,Automotive,Dalphin Moda,776,776,0,4.0,175,In Stock,Dalphin Moda,https://images.meesho.com/images/products/396356137/zfo1w_512.webp,https://www.meesho.com/dalphin-moda-abs-material-shell-full-face-helmet-unti-uv-scratch-resistance-motorbike-helmet/p/6jzacp,Dalphin Moda ABS Shell Full Face Motorbike Helmet. Brand: Dalphin Moda. Material: ABS Plastic. Colour: Not specified.,1,Free Size,ABS Plastic,True,7 days,Varies by pincode,2026-10-09T21:24:00,category/automotive,meesho_scraped_20261009.csv
MEESHO_534577557,Hilliyard ABS Open Face Motorbike Helmet for Men (Blue),Automotive,Automotive,Hilliyard,585,557,5,3.8,127,In Stock,FUL ENTERPRISES,https://images.meesho.com/images/products/534577557/xhmjr_512.webp,https://www.meesho.com/hilliyard-abs-material-open-face-for-men-motorbike-helmet-blue/p/8u9uol,Hilliyard ABS Open Face Motorbike Helmet for Men (Blue). Brand: Hilliyard. Material: ABS Plastic. Colour: Blue.,1,Free Size,ABS Plastic,True,7 days,Varies by pincode,2026-10-09T21:24:20,category/automotive,meesho_scraped_20261009.csv
MEESHO_497902163,"XCARE All-in-One Polish Bike and Car Shiner, 100 ml",Automotive,Automotive,XCARE,169,96,43,3.8,274,In Stock,XCARE PRODUCTS INDIA,https://images.meesho.com/images/products/497902163/wdoed_512.webp,https://www.meesho.com/xcare-all-in-one-polish-bike-and-car-shiner-100-ml/p/88frrn,"XCARE All-in-One Polish Bike and Car Shiner, 100 ml. Brand: XCARE. Colour: Yellow.",1,Free Size,Not specified,True,7 days,Varies by pincode,2026-10-09T21:24:40,category/automotive,meesho_scraped_20261009.csv
MEESHO_513586157,"Premium Microfiber Vehicle Washing Cloths, 30 x 40 cm (Pack of 3)",Automotive,Automotive,Unbranded,121,104,14,4.0,2008,In Stock,Amonest,https://images.meesho.com/images/products/513586157/7sxkb_512.webp,https://www.meesho.com/premium-microfiber-vehicle-washing-clothes-30-x40-cm-pack-of-3/p/8hrxm5,"Premium Microfiber Vehicle Washing Cloths, 30 x 40 cm (Pack of 3). Material: Microfiber. Colour: Yellow.",1,Free Size,Microfiber,True,7 days,Varies by pincode,2026-10-09T21:25:00,category/automotive,meesho_scraped_20261009.csv
MEESHO_463363166,Pro-Biker Full Finger Racing Gloves for Men & Women,Automotive,Automotive,Pro-Biker,317,290,9,3.9,616,In Stock,MRA Enterprises,https://images.meesho.com/images/products/463363166/b9ons_512.webp,https://www.meesho.com/pro-biker-racing-gloves-for-men-women-tactical-gloves-full-finger-for-cycling-outdoor-sports-on-road-off-road-mountain-motorcycle-motorcross-motorbike/p/7nvhb2,Pro-Biker Full Finger Racing Gloves for Men & Women. Brand: Pro-Biker. Material: ABS Plastic. Colour: Black.,1,Free Size,ABS Plastic,True,7 days,Varies by pincode,2026-10-09T21:25:20,category/automotive,meesho_scraped_20261009.csv
MEESHO_545872133,"Aksmit Full Finger Bike Riding Gloves with Touchscreen Pad (Black, Large)",Automotive,Automotive,Aksmit,352,352,0,3.8,16,In Stock,AKSMIT INTERNATIONAL,https://images.meesho.com/images/products/545872133/wr6gh_512.webp,https://www.meesho.com/aksmit-full-finger-bike-riding-gloves-with-touch-screen-protective-knuckle-breathable-washable-suede-padding-tactical-hand-protection-for-off-road-motorbike-racing-cycling-motorcycle-glove-pair-1-black-large/p/90zxmt,"Aksmit Full Finger Bike Riding Gloves with Touchscreen Pad (Black, Large). Brand: Aksmit. Material: Nylon. Colour: Black.",1,Free Size,Nylon,True,7 days,Varies by pincode,2026-10-09T21:25:40,category/automotive,meesho_scraped_20261009.csv
MEESHO_107001641,GTRIDE 9 LED Waterproof Fog Light with Handlebar Switch for Motorcycle,Automotive,Automotive,GTRIDE,198,181,9,3.6,988,In Stock,GTRIDE,https://images.meesho.com/images/products/107001641/q8uc3_512.webp,https://www.meesho.com/gtride-motorcycle-led-lights-imported-9-led-cap-waterproof-heavy-duty-fog-light-spot-beam-with-handlebar-switch/p/1rpezt,"GTRIDE 9 LED Waterproof Fog Light with Handlebar Switch for Motorcycle. Brand: GTRIDE. Material: Aluminium, ABS Plastic. Colour: White.",1,Free Size,"Aluminium, ABS Plastic",True,7 days,Varies by pincode,2026-10-09T21:26:00,category/automotive,meesho_scraped_20261009.csv
MEESHO_350615706,TRYFLY Belt Chin Helmet Mount with Mobile Holder and Collar Mic for Moto Vlogging,Automotive,Automotive,TRYFLY,266,266,0,4.0,772,In Stock,TRYFLY,https://images.meesho.com/images/products/350615706/qombh_512.webp,https://www.meesho.com/tryfly-srphere-belt-chin-mountmobileholdercollar-mic-for-mobile-motovlogging-helmet-mount-helmet-mount/p/5sqwt6,TRYFLY Belt Chin Helmet Mount with Mobile Holder and Collar Mic for Moto Vlogging. Brand: TRYFLY. Colour: Black.,1,Free Size,Not specified,True,7 days,Varies by pincode,2026-10-09T21:26:20,category/automotive,meesho_scraped_20261009.csv
MEESHO_102864439,SKIN WORLD Water Resistant Bike Body Cover for Royal Enfield Bullet (Military Green),Automotive,Automotive,SKIN WORLD,197,197,0,3.8,89,In Stock,SKIN WORLD,https://images.meesho.com/images/products/102864439/7eysa_512.webp,https://www.meesho.com/skin-world-water-resistant-bike-body-cover-for-royal-enfield-bullet-military-green/p/1p8qpj,SKIN WORLD Water Resistant Bike Body Cover for Royal Enfield Bullet (Military Green). Brand: SKIN WORLD. Material: Polyester. Colour: Military Green.,1,Free Size,Polyester,True,7 days,Varies by pincode,2026-10-09T21:26:40,category/automotive,meesho_scraped_20261009.csv
MEESHO_535249544,ORJILO 5 Pcs Microfiber Car Duster Kit with Extendable Long Handle,Automotive,Automotive,ORJILO,283,283,0,4.2,7667,In Stock,ORJILO,https://images.meesho.com/images/products/535249544/r6rf1_512.webp,https://www.meesho.com/orjilo-5-pcs-microfiber-car-duster-kit-interior-exterior-car-cleaning-detailing-tool-scratch-lint-free-pollen-removing-extendable-long-handle-duster-for-car-motorcycle-car-car-duster-kit/p/8uo96w,"ORJILO 5 Pcs Microfiber Car Duster Kit with Extendable Long Handle. Brand: ORJILO. Material: Cotton, Aluminium. Colour: Black.",1,Free Size,"Cotton, Aluminium",True,7 days,Varies by pincode,2026-10-09T21:27:00,category/automotive,meesho_scraped_20261009.csv
MEESHO_478041249,"AKAAY Microfiber Cleaning Cloth for Cars, 40x40 cm (Pack of 6, Grey)",Automotive,Automotive,AKAAY,136,130,4,3.9,2018,In Stock,AKAAY ENTERPRISE,https://images.meesho.com/images/products/478041249/pgkq7_512.webp,https://www.meesho.com/akaay-microfiber-cleaning-cloth-6-pack-premium-microfiber-towels-for-cars-lint-free-scratch-free-highly-absorbent-cleaning-rags-for-car-household-kitchen-window-40x-40-grey-pack-of-6/p/7wm2zl,"AKAAY Microfiber Cleaning Cloth for Cars, 40x40 cm (Pack of 6, Grey). Brand: AKAAY. Material: Microfiber. Colour: Grey.",1,Free Size,Microfiber,True,7 days,Varies by pincode,2026-10-09T21:27:20,category/automotive,meesho_scraped_20261009.csv
MEESHO_67552379,Aksmit Car Neck Cushion Kit with Diamond Design (Set of 4),Automotive,Automotive,Aksmit,615,615,0,4.1,120,In Stock,AKSMIT INTERNATIONAL,https://images.meesho.com/images/products/67552379/peor7_512.webp,https://www.meesho.com/aksmit-car-neck-cushion-kit-in-whiteblack-colour-with-diamond-design-set-of-4/p/147vqz,"Aksmit Car Neck Cushion Kit with Diamond Design (Set of 4). Brand: Aksmit. Material: Cotton. Colour: Black, White.",1,Free Size,Cotton,True,7 days,Varies by pincode,2026-10-09T21:27:40,category/automotive,meesho_scraped_20261009.csv
MEESHO_125654279,"Universal Car Steering Wheel Cover, Dual Tone Black and Beige",Automotive,Automotive,Unbranded,166,147,11,3.8,184,In Stock,Deal'sKart,https://images.meesho.com/images/products/125654279/a0xfn_512.webp,https://www.meesho.com/universal-car-dual-tone-black-beige-steering-cover-for-maruti-suzuki-omni-blue/p/22t7gn,"Universal Car Steering Wheel Cover, Dual Tone Black and Beige. Material: Fabric. Colour: Multicolor.",1,Free Size,Fabric,True,7 days,Varies by pincode,2026-10-09T21:28:00,category/automotive,meesho_scraped_20261009.csv
MEESHO_68053160,ZYO 12V Waterproof USB Mobile Charger for Motorcycle with On/Off Switch (Black),Automotive,Automotive,ZYO,184,184,0,3.7,168,In Stock,Sumit Enterprises,https://images.meesho.com/images/products/68053160/j1adi_512.webp,https://www.meesho.com/zyo-12v-motorcycle-waterproof-usb-mobile-charger-for-bike-sillicon-cover-with-onoff-switch-1-pc-black/p/14im5k,ZYO 12V Waterproof USB Mobile Charger for Motorcycle with On/Off Switch (Black). Brand: ZYO. Colour: Black.,1,Free Size,Not specified,True,7 days,Varies by pincode,2026-10-09T21:28:20,category/automotive,meesho_scraped_20261009.csv
MEESHO_539711942,Anti-Theft Helmet Lock for Motorcycle and Bicycle with Two Keys,Automotive,Automotive,Unbranded,161,154,4,3.8,41,In Stock,J U ENTERPRISE,https://images.meesho.com/images/products/539711942/7fsr9_512.webp,https://www.meesho.com/j-u-enterprisemotorcycle-helmet-anti-theft-lock-motorbike-and-bicycle-helmet-safety-lock-with-two-keys-handlebar-mounting-tamper-proof-helmet-security-lock-motorcycle-accessories/p/8xbwee,Anti-Theft Helmet Lock for Motorcycle and Bicycle with Two Keys. Material: Aluminium. Colour: Not specified.,1,Free Size,Aluminium,True,7 days,Varies by pincode,2026-10-09T21:28:40,category/automotive,meesho_scraped_20261009.csv
MEESHO_74370199,"Aksmit Fire Extinguisher Spray with Mounting Stand, 500 ml",Automotive,Automotive,Aksmit,219,219,0,4.1,206,In Stock,AKSMIT INTERNATIONAL,https://images.meesho.com/images/products/74370199/grxyr_512.webp,https://www.meesho.com/aksmit-fire-extinguisher-spray-with-stand-fire-extinguisher-mount-aluminium-500-ml/p/18a0ev,"Aksmit Fire Extinguisher Spray with Mounting Stand, 500 ml. Brand: Aksmit. Material: Aluminium. Colour: Red.",1,Free Size,Aluminium,True,7 days,Varies by pincode,2026-10-09T21:29:00,category/automotive,meesho_scraped_20261009.csv
MEESHO_69534486,Windtone 12V Horn with Relay and Wire for Bike and Car (Pack of 2),Automotive,Automotive,Windtone,384,347,10,4.0,3431,In Stock,SELECTED PRODUCTS,https://images.meesho.com/images/products/69534486/qvmy8_512.webp,https://www.meesho.com/windtone-horn-with-relay-and-wire-for-all-bike-and-car-12v-pack-of-2/p/15ed5i,"Windtone 12V Horn with Relay and Wire for Bike and Car (Pack of 2). Brand: Windtone. Material: Iron, Aluminium. Colour: Chrome.",1,Free Size,"Iron, Aluminium",True,7 days,Varies by pincode,2026-10-09T21:29:20,category/automotive,meesho_scraped_20261009.csv
MEESHO_4843716,"Leavess 6 LED Fog Light with Handlebar Switch for Motorcycle, Car and SUV (2 Pieces)",Automotive,Automotive,Leavess,202,193,4,3.6,1799,In Stock,Shop In All,https://images.meesho.com/images/products/4843716/1_512.webp,https://www.meesho.com/leavess-6-led-fog-light-spot-beam-waterproof-heavy-duty-pod-driving-work-lamp-with-handlebar-switch-for-motorcycle-bike-car-and-suv-white-light-2-pieces/p/2vtfo,"Leavess 6 LED Fog Light with Handlebar Switch for Motorcycle, Car and SUV (2 Pieces). Brand: Leavess. Material: Plastic. Colour: White.",1,Free Size,Plastic,True,7 days,Varies by pincode,2026-10-09T21:29:40,category/automotive,meesho_scraped_20261009.csv
MEESHO_422504313,Breathable Anti-Slip Motorcycle Riding Gloves with Hard Knuckle Protection,Automotive,Automotive,Unbranded,341,341,0,4.1,1560,In Stock,TVR traders,https://images.meesho.com/images/products/422504313/ttxl1_512.webp,https://www.meesho.com/motorcycle-gloves-breathable-anti-slip-with-good-grip-hard-knuckles-protection-riding-gloves/p/6zjqex,Breathable Anti-Slip Motorcycle Riding Gloves with Hard Knuckle Protection. Material: Polyester. Colour: Red.,1,Free Size,Polyester,True,7 days,Varies by pincode,2026-10-09T21:30:00,category/automotive,meesho_scraped_20261009.csv
MEESHO_401770752,"Chamkalo Car Care Combo: All-in-One Polish, Scratch Remover and Car Wash Shampoo",Automotive,Automotive,Chamkalo,167,146,13,3.8,8877,In Stock,MATELSTONE,https://images.meesho.com/images/products/401770752/zrbvk_512.webp,https://www.meesho.com/chamkalo-all-in-one-250ml-car-scratch-removal-100g-car-wash-shampoo-200ml-car-polish-spray-body-compound-scratch-remover-spot-cleaning-better-shine-car-wash-combo/p/6n7cao,"Chamkalo Car Care Combo: All-in-One Polish, Scratch Remover and Car Wash Shampoo. Brand: Chamkalo. Colour: Not specified.",1,Free Size,Not specified,True,7 days,Varies by pincode,2026-10-09T21:30:20,category/automotive,meesho_scraped_20261009.csv
MEESHO_76339947,Nishi UV Protection Dustproof Bike Cover for 125 cc Bikes,Automotive,Automotive,Nishi,190,182,4,3.7,773,In Stock,Waheguru kripa,https://images.meesho.com/images/products/76339947/u6yfi_512.webp,https://www.meesho.com/nishi-uv-protection-dustproof-cover-for-bike-suitable-for-all-125-cc-bikes-honda-sp-cb-shine-tvs-raider-bajaj-platina-hero-passion-hero-glamour-etc/p/19g8a3,Nishi UV Protection Dustproof Bike Cover for 125 cc Bikes. Brand: Nishi. Material: Polyester. Colour: Multicolor.,1,Free Size,Polyester,True,7 days,Varies by pincode,2026-10-09T21:30:40,category/automotive,meesho_scraped_20261009.csv
MEESHO_422463637,Buckle-Free Elastic Belt for Women,Accessories,Belts,Unbranded,86,86,0,4.3,11780,In Stock,PARV_SHOPPY,https://images.meesho.com/images/products/422463637/ge3vz_512.webp,https://www.meesho.com/new-fashion-buckle-free-elastic-belt-for-women-jeansdresses-ladies-belt-for-jeans-adjustable-belt-for-women-jeans-buckle-free-invisible-elastic-waist-belt-no-buckle-belt-for-womenmen-unisex-belt/p/6ziv11,Invisible buckle-free elastic waist belt for jeans and dresses. Colour: Black.,1,Free Size (36-38 in),Elastic,True,7 days,Varies by pincode,2026-10-09T21:31:00,category/accessories,meesho_scraped_20261009.csv
MEESHO_52416133,Trendy Women Multicolor Georgette Scarf,Accessories,Scarves,Unbranded,167,141,16,4.1,4904,In Stock,SAHIL FASHION,https://images.meesho.com/images/products/52416133/obwge_512.webp,https://www.meesho.com/trendy-women-multicolor-georgette-scarves/p/v7gjp,Printed georgette scarf for women. Colour: Brown.,1,Free Size,Georgette,True,7 days,Varies by pincode,2026-10-09T21:31:20,category/accessories,meesho_scraped_20261009.csv
MEESHO_454503508,Rhodium Plated Jewellery Set with White American Diamond,Accessories,Jewelry,Unbranded,145,137,6,4.2,17441,In Stock,RimZhim Jewellery,https://images.meesho.com/images/products/454503508/nydlb_512.webp,https://www.meesho.com/rhodium-plated-jewellery-set-with-white-austrian-diamond/p/7ill5g,Silver-plated necklace and earring set with American diamond stones. Colour: White.,1,Free Size (adjustable),"Brass, silver plated",True,7 days,Varies by pincode,2026-10-09T21:31:40,category/accessories,meesho_scraped_20261009.csv
MEESHO_95460122,Ravishing Women Analog Watch,Accessories,Watches,Unbranded,134,134,0,4.0,8195,In Stock,LUXUZ COLLECTION,https://images.meesho.com/images/products/95460122/ixuuo_512.webp,https://www.meesho.com/ravishing-women-analog-watches/p/1ku1i2,Analog wrist watch for women with metal strap. Colour: Silver.,1,Free Size,Stainless Steel,True,7 days,Varies by pincode,2026-10-09T21:32:00,category/accessories,meesho_scraped_20261009.csv
MEESHO_169844261,South Indian Laxmi Jewellery Set,Accessories,Jewelry,Unbranded,197,197,0,4.2,15673,In Stock,Vivanta design,https://images.meesho.com/images/products/169844261/zsub1_512.webp,https://www.meesho.com/south-indian-laxmi-jewellery-set/p/2t4co5,Gold-plated South Indian temple-style Laxmi necklace set. Colour: Multicolor.,1,Free Size,"Alloy, gold plated",True,7 days,Varies by pincode,2026-10-09T21:32:20,category/accessories,meesho_scraped_20261009.csv
MEESHO_406416140,Silver Stainless Steel Chain Green Dial Analog Watch for Men,Accessories,Watches,Unbranded,250,250,0,4.1,13460,In Stock,The Spencher Store,https://images.meesho.com/images/products/406416140/reeql_512.webp,https://www.meesho.com/silver-stainless-chain-green-dial-mens-boys-analog-watch/p/6pywp8,Silver Stainless Steel Chain Green Dial Analog Watch for Men. Material: Stainless Steel. Size: Free Size (38 mm dial). Colour: Silver.,1,Free Size (38 mm dial),Stainless Steel,True,7 days,Varies by pincode,2026-10-09T21:32:40,category/accessories,meesho_scraped_20261009.csv
MEESHO_569747110,Modern Men's Analog Watch with Leather Strap,Accessories,Watches,Unbranded,213,203,5,3.8,52,In Stock,TR. TIMES,https://images.meesho.com/images/products/569747110/qc0gj_512.webp,https://www.meesho.com/modern-men-analog-watches/p/9f7nom,Modern Men's Analog Watch with Leather Strap. Material: Leather. Colour: Brown.,1,Free Size,Leather,True,7 days,Varies by pincode,2026-10-09T21:33:00,category/accessories,meesho_scraped_20261009.csv
MEESHO_399475121,Stylish Black Analog Watch for Men and Boys,Accessories,Watches,Unbranded,201,201,0,3.9,4831,In Stock,Ishaksh Creations,https://images.meesho.com/images/products/399475121/gxclb_512.webp,https://www.meesho.com/stylish-black-analog-watch-for-men-and-boys/p/6lu4z5,"Stylish Black Analog Watch for Men and Boys. Material: Metal strap, Alloy case. Colour: Black.",1,Free Size,"Metal strap, Alloy case",True,7 days,Varies by pincode,2026-10-09T21:33:20,category/accessories,meesho_scraped_20261009.csv
MEESHO_1073053815,Metal Frame Sunglasses (Grey),Accessories,Sunglasses,Unbranded,143,132,8,3.5,5,In Stock,Optical Hubb,https://images.meesho.com/images/products/1073053815/mq2uz_512.webp,https://www.meesho.com/pathan/p/hqv9mf,Metal Frame Sunglasses (Grey). Material: Metal. Colour: Grey.,1,Free Size,Metal,True,7 days,Varies by pincode,2026-10-09T21:33:40,category/accessories,meesho_scraped_20261009.csv
MEESHO_450998253,Gold Plated Fancy Jhumka Earrings for Women (Set of 6),Accessories,Jewelry,Unbranded,141,141,0,4.2,19793,In Stock,WELLKNOWN ENTERPRISE,https://images.meesho.com/images/products/450998253/kxamf_512.webp,https://www.meesho.com/gold-plated-fancy-jhumka-earrings-for-women-set-of-6-traditional-oxidised-gold-jhumka-earrings-combo-for-women-daily-wear-ethnic-jhumka-earrings-set-for-women-pack-of-6/p/7gigh9,Gold Plated Fancy Jhumka Earrings for Women (Set of 6). Material: Alloy. Colour: Gold.,1,Free Size,Alloy,True,7 days,Varies by pincode,2026-10-09T21:34:00,category/accessories,meesho_scraped_20261009.csv
MEESHO_779754003,Combo of 17 Pairs Metal Stud Earrings for Girls,Accessories,Jewelry,Unbranded,173,173,0,4.3,1628,In Stock,WHIPCORD,https://images.meesho.com/images/products/779754003/drts7_512.webp,https://www.meesho.com/combo-of-17-earrings-pair-for-girls-earrings-for-kids-metal-studs-earrings/p/cw8u1f,Combo of 17 Pairs Metal Stud Earrings for Girls. Material: Alloy. Colour: Multicolor.,1,Free Size,Alloy,True,7 days,Varies by pincode,2026-10-09T21:34:20,category/accessories,meesho_scraped_20261009.csv
MEESHO_411058571,RARE 1 Gold Plated Pearl & AD Studs (Combo of 30 Pairs),Accessories,Jewelry,RARE 1,281,237,16,4.3,6621,In Stock,Rare One Studio Private Limited,https://images.meesho.com/images/products/411058571/5lnt1_512.webp,https://www.meesho.com/rare-1-jewellery-for-women-girls-gold-plated-multicolor-pearl-ad-studs-combo-of-30-quirky-pairs/p/6sqetn,RARE 1 Gold Plated Pearl & AD Studs (Combo of 30 Pairs). Brand: RARE 1. Material: Brass. Colour: Multicolor.,1,Free Size,Brass,True,7 days,Varies by pincode,2026-10-09T21:34:40,category/accessories,meesho_scraped_20261009.csv
MEESHO_385132710,Golden Stainless Steel Bracelet,Accessories,Jewelry,Unbranded,141,141,0,4.1,6947,In Stock,AP ENTERPRISES,https://images.meesho.com/images/products/385132710/qeypa_512.webp,https://www.meesho.com/bracelet-golden/p/6daqau,Golden Stainless Steel Bracelet. Material: Stainless Steel. Size: 2.4. Colour: Golden.,1,2.4,Stainless Steel,True,7 days,Varies by pincode,2026-10-09T21:35:00,category/accessories,meesho_scraped_20261009.csv
MEESHO_447037010,Flower Bangles (Chooda) Set,Accessories,Jewelry,Unbranded,252,241,4,4.2,122,In Stock,Sultan Fashion Hub,https://images.meesho.com/images/products/447037010/qsbnu_512.webp,https://www.meesho.com/flower-bangles-neo/p/7e5jyq,"Flower Bangles (Chooda) Set. Material: Plastic. Size: 2.2, 2.4, 2.6, 2.8. Colour: Multicolor.",1,"2.2, 2.4, 2.6, 2.8",Plastic,True,7 days,Varies by pincode,2026-10-09T21:35:20,category/accessories,meesho_scraped_20261009.csv
MEESHO_441698286,Premium Silk Satin Scrunchies (Pack of 24),Accessories,Hair Accessories,Unbranded,164,164,0,4.4,21162,In Stock,SAM EXPORT AND IMPORT ENTERPRISE.,https://images.meesho.com/images/products/441698286/b3vky_512.webp,https://www.meesho.com/pack-of-24-multi-random-color-premium-silk-satin-scrunchies-pack-of-24-rubber-rubber-band-multicolor/p/7az4ku,Premium Silk Satin Scrunchies (Pack of 24). Material: Satin. Size: Regular. Colour: Multicolor.,1,Regular,Satin,True,7 days,Varies by pincode,2026-10-09T21:35:40,category/accessories,meesho_scraped_20261009.csv
MEESHO_516065440,Brown Artificial Hair Bun (Juda) with Bun Clutcher Combo,Accessories,Hair Accessories,Unbranded,146,146,0,3.9,1022,In Stock,Juneja Enterprises,https://images.meesho.com/images/products/516065440/oqkyj_512.webp,https://www.meesho.com/combo-of-brown-hair-bun-artificial-juda-and-artificial-hair-bun-clucher/p/8j92n4,Brown Artificial Hair Bun (Juda) with Bun Clutcher Combo. Material: Synthetic. Colour: Brown.,1,Free Size,Synthetic,True,7 days,Varies by pincode,2026-10-09T21:36:00,category/accessories,meesho_scraped_20261009.csv
MEESHO_273101192,Brown Plastic Juda Hair Accessories Set for Women & Girls,Accessories,Hair Accessories,Unbranded,148,148,0,4.0,888,In Stock,Sunisa Extension,https://images.meesho.com/images/products/273101192/aflvu_512.webp,https://www.meesho.com/br724-brown-color-plastic-juttu-upakaranalujada-gantalujuttu-savrammuti-pakankalmudi-aaksasarikalkudalu-parikaragaluhair-parikaragalu-ideal-for-women-girls/p/4ili88,Brown Plastic Juda Hair Accessories Set for Women & Girls. Material: Plastic. Colour: Brown.,1,Free Size,Plastic,True,7 days,Varies by pincode,2026-10-09T21:36:20,category/accessories,meesho_scraped_20261009.csv
MEESHO_533396363,Baby Girl Hair Clip & Accessories Combo (130 Pcs),Accessories,Hair Accessories,Unbranded,116,116,0,4.2,2357,In Stock,M/S JAGDAMBA ENTERPRISES07,https://images.meesho.com/images/products/533396363/rhvif_512.webp,https://www.meesho.com/baby-girl-hair-accessories-combo-130-pcs-baby-girl-hair-clip-set-multicolor-hair-accessory-set-multicolor/p/8tkj9n,Baby Girl Hair Clip & Accessories Combo (130 Pcs). Material: Plastic. Colour: Multicolor.,1,Free Size,Plastic,True,7 days,Varies by pincode,2026-10-09T21:36:40,category/accessories,meesho_scraped_20261009.csv
MEESHO_316597299,Spencher Date & Day Function Analog Watch for Men,Accessories,Watches,Spencher,238,215,10,4.1,2956,In Stock,The Spencher Store,https://images.meesho.com/images/products/316597299/57mg2_512.webp,https://www.meesho.com/spencher-date-day-function-analog-watch-for-men-boys/p/58hs1f,Spencher Date & Day Function Analog Watch for Men. Brand: Spencher. Material: Faux Leather. Colour: Brown.,1,Free Size,Faux Leather,True,7 days,Varies by pincode,2026-10-09T21:37:00,category/accessories,meesho_scraped_20261009.csv
MEESHO_288917519,Spencher Invictus Men's Date & Day Analog Watch,Accessories,Watches,Spencher,252,228,10,4.0,3656,In Stock,TheCollectionHouse,https://images.meesho.com/images/products/288917519/cfsak_512.webp,https://www.meesho.com/spencher-invictus-mens-date-day-function-analog-watch/p/4s0i6n,Spencher Invictus Men's Date & Day Analog Watch. Brand: Spencher. Material: Stainless Steel. Colour: Silver.,1,Free Size,Stainless Steel,True,7 days,Varies by pincode,2026-10-09T21:37:20,category/accessories,meesho_scraped_20261009.csv
MEESHO_316328068,LIMESTONE LS3225 Olive Green Dial Metal Strap Analog Watch for Men,Accessories,Watches,LIMESTONE,344,310,10,4.2,2048,In Stock,LIMESTONEFASHION,https://images.meesho.com/images/products/316328068/deeix_512.webp,https://www.meesho.com/limestone-day-and-date-functioning-olive-green-dial-metal-strap-quartz-water-resistant-analog-watch-for-men-ls3225/p/58c0as,LIMESTONE LS3225 Olive Green Dial Metal Strap Analog Watch for Men. Brand: LIMESTONE. Material: Stainless Steel. Colour: Silver.,1,Free Size,Stainless Steel,True,7 days,Varies by pincode,2026-10-09T21:37:40,category/accessories,meesho_scraped_20261009.csv
MEESHO_311154082,Men's Analog Watch with Rubber Strap (Red),Accessories,Watches,Unbranded,159,159,0,4.0,3076,In Stock,shopp pro,https://images.meesho.com/images/products/311154082/vhh27_512.webp,https://www.meesho.com/fancy-men-analog-watches/p/55940y,Men's Analog Watch with Rubber Strap (Red). Material: Rubber. Colour: Red.,1,Free Size,Rubber,True,7 days,Varies by pincode,2026-10-09T21:38:00,category/accessories,meesho_scraped_20261009.csv
MEESHO_381207643,Solid Designer Metal Analog Watch for Women,Accessories,Watches,Unbranded,79,77,3,4.0,23026,In Stock,ONLINE HUBS,https://images.meesho.com/images/products/381207643/kv0tw_512.webp,https://www.meesho.com/new-solid-designer-metal-analog-watches-for-women/p/6aylp7,"Solid Designer Metal Analog Watch for Women. Material: Metal Strap, Alloy Case. Colour: Brown.",1,Free Size,"Metal Strap, Alloy Case",True,7 days,Varies by pincode,2026-10-09T21:38:20,category/accessories,meesho_scraped_20261009.csv
MEESHO_506934568,Men's Steel Chain Silver Black Dial Analog Watch,Accessories,Watches,Unbranded,184,184,0,4.0,4113,In Stock,MWatches0099,https://images.meesho.com/images/products/506934568/5gwgq_512.webp,https://www.meesho.com/mens-steel-chain-sl07-silver-black-dial-men-style-boys-hand-watch-gents-2025-luxury-design-steel-chain-new-model-analog-watch-for-men/p/8dtd7s,Men's Steel Chain Silver Black Dial Analog Watch. Material: Stainless Steel. Colour: Silver.,1,Free Size,Stainless Steel,True,7 days,Varies by pincode,2026-10-09T21:38:40,category/accessories,meesho_scraped_20261009.csv
MEESHO_492725909,Casual Aviator Sunglasses (Black),Accessories,Sunglasses,Unbranded,179,179,0,4.1,200,In Stock,Hind Mart,https://images.meesho.com/images/products/492725909/dvxtd_512.webp,https://www.meesho.com/latest-casual-aviator-glass-black-sunglass/p/85ctqt,Casual Aviator Sunglasses (Black). Material: Polycarbonate. Colour: Black.,1,Free Size,Polycarbonate,True,7 days,Varies by pincode,2026-10-09T21:39:00,category/accessories,meesho_scraped_20261009.csv
MEESHO_484720484,A LUINS Retro Oval Metal Sunglasses for Women & Men,Accessories,Sunglasses,A LUINS,160,160,0,4.2,4409,In Stock,A LUINS,https://images.meesho.com/images/products/484720484/aitbn_512.webp,https://www.meesho.com/a-luins-retro-oval-sunglasses-for-women-men-trending-stylish-durable-metal-frame-vintage-90s-sunglasses-with-uv-400-protection-lenses/p/80l8pw,A LUINS Retro Oval Metal Sunglasses for Women & Men. Brand: A LUINS. Material: Metal. Colour: Gold.,1,Free Size,Metal,True,7 days,Varies by pincode,2026-10-09T21:39:20,category/accessories,meesho_scraped_20261009.csv
MEESHO_536900163,SPECTORA Oval Sunglasses (Brown),Accessories,Sunglasses,SPECTORA,133,120,10,4.3,727,In Stock,SPECTORA,https://images.meesho.com/images/products/536900163/dm6y6_512.webp,https://www.meesho.com/spectora-sunglasses-oval-lina-brown/p/8vnmtf,SPECTORA Oval Sunglasses (Brown). Brand: SPECTORA. Material: TR-90. Colour: Brown.,1,Free Size,TR-90,True,7 days,Varies by pincode,2026-10-09T21:39:40,category/accessories,meesho_scraped_20261009.csv
MEESHO_137934023,Silver Metal Analog Watch for Women,Accessories,Watches,Unbranded,79,77,3,4.0,6522,In Stock,SHREE_HARI_ FASHION,https://images.meesho.com/images/products/137934023/lkkzb_512.webp,https://www.meesho.com/trendy-women-silver-metal-analog-watches-for-women/p/2a4ekn,"Silver Metal Analog Watch for Women. Material: Metal Strap, Stainless Steel Case. Colour: Silver.",1,Free Size,"Metal Strap, Stainless Steel Case",True,7 days,Varies by pincode,2026-10-09T21:40:00,category/accessories,meesho_scraped_20261009.csv
MEESHO_202187315,Men's Brown Leather Strap Analog Watch,Accessories,Watches,Unbranded,159,159,0,4.0,1429,In Stock,Csamon,https://images.meesho.com/images/products/202187315/uosse_512.webp,https://www.meesho.com/boys-and-mens-exclusive-men201-brown-boys-watch-and-men-watches-hand-watch-men-sports-gents-stylish-leather-belt-gift-analog-watch-for-men/p/3cdkqb,"Men's Brown Leather Strap Analog Watch. Material: Leather Strap, Stainless Steel Case. Size: Free Size (dial 39 mm). Colour: Brown.",1,Free Size (dial 39 mm),"Leather Strap, Stainless Steel Case",True,7 days,Varies by pincode,2026-10-09T21:40:20,category/accessories,meesho_scraped_20261009.csv
MEESHO_448118192,Solid Dial Metal Chain Bracelet Analog Watch for Women,Accessories,Watches,Unbranded,188,171,9,4.1,7222,In Stock,D.R.S. ENTERPRISE,https://images.meesho.com/images/products/448118192/tctut_512.webp,https://www.meesho.com/new-fancy-solid-dial-attractive-metal-chain-attractive-bracelet-analog-watch-for-women/p/7esq7k,Solid Dial Metal Chain Bracelet Analog Watch for Women. Material: Metal. Colour: White.,1,Free Size,Metal,True,7 days,Varies by pincode,2026-10-09T21:40:40,category/accessories,meesho_scraped_20261009.csv
MEESHO_406478270,Classic Women's Analog Watch (Brown),Accessories,Watches,Unbranded,180,180,0,4.1,5444,In Stock,SHREE RAM ENTERPRISSE,https://images.meesho.com/images/products/406478270/seovu_512.webp,https://www.meesho.com/classic-women-watches/p/6q08n2,"Classic Women's Analog Watch (Brown). Material: Metal Strap, Alloy Case. Colour: Brown.",1,Free Size,"Metal Strap, Alloy Case",True,7 days,Varies by pincode,2026-10-09T21:41:00,category/accessories,meesho_scraped_20261009.csv
MEESHO_618023621,"Sunglassy Vintage Oval Metal Sunglasses, Gold Frame with Black Arms",Accessories,Sunglasses,Sunglassy,169,169,0,4.2,354,In Stock,IKENTERPRISES,https://images.meesho.com/images/products/618023621/6lrkg_512.webp,https://www.meesho.com/sunglassy-vintage-oval-metal-sunglasses-for-men-and-women-gold-rimmed-with-black-arms/p/a7ye2t,"Sunglassy Vintage Oval Metal Sunglasses, Gold Frame with Black Arms. Brand: Sunglassy. Material: Metal. Colour: Gold.",1,Free Size,Metal,True,7 days,Varies by pincode,2026-10-09T21:41:20,category/accessories,meesho_scraped_20261009.csv
MEESHO_443092517,Pironixx Stylish Unisex Sunglasses,Accessories,Sunglasses,Pironixx,234,211,10,4.1,600,In Stock,PIRONIXX,https://images.meesho.com/images/products/443092517/b0abo_512.webp,https://www.meesho.com/pironixx-stylish-unisex-sunglasses-versatile-fashion-for-everyone/p/7bt0dh,Pironixx Stylish Unisex Sunglasses. Brand: Pironixx. Material: Metal. Colour: Black.,1,Free Size,Metal,True,7 days,Varies by pincode,2026-10-09T21:41:40,category/accessories,meesho_scraped_20261009.csv
MEESHO_538251223,Women Rectangular Sunglasses (Black),Accessories,Sunglasses,Unbranded,177,169,5,4.3,2080,In Stock,SUN SHADES,https://images.meesho.com/images/products/538251223/czbni_512.webp,https://www.meesho.com/women-rectangular-sunglasses/p/8wglav,Women Rectangular Sunglasses (Black). Material: Plastic. Colour: Black.,1,Free Size,Plastic,True,7 days,Varies by pincode,2026-10-09T21:42:00,category/accessories,meesho_scraped_20261009.csv
MEESHO_482318852,Raigur 18K Gold Plated AD Earrings for Girls and Women,Accessories,Jewelry,Raigur,117,117,0,3.9,4578,In Stock,KISHNA,https://images.meesho.com/images/products/482318852/gtllh_512.webp,https://www.meesho.com/raigur-18k-yellow-gold-plated-ad-earring-for-girl-and-women/p/7z5rlw,"Raigur 18K Gold Plated AD Earrings for Girls and Women. Brand: Raigur. Material: Brass, Gold Plated, Cubic Zirconia. Colour: White.",1,Free Size,"Brass, Gold Plated, Cubic Zirconia",True,7 days,Varies by pincode,2026-10-09T21:42:20,category/accessories,meesho_scraped_20261009.csv
MEESHO_68779520,"Vembley Combo of 9 Pair Gold Plated Pearl Hoop, Drop and Stud Earrings",Accessories,Jewelry,Vembley,154,154,0,4.3,26326,In Stock,VEMBLEY,https://images.meesho.com/images/products/68779520/pmxdc_512.webp,https://www.meesho.com/vembley-combo-of-9-pair-stunning-gold-plated-pearl-hoop-drop-tiny-and-studs-earrings-for-women-girls/p/14y6m8,"Vembley Combo of 9 Pair Gold Plated Pearl Hoop, Drop and Stud Earrings. Brand: Vembley. Material: Alloy (Gold Plated, Pearl). Colour: Gold.",1,Free Size,"Alloy (Gold Plated, Pearl)",True,7 days,Varies by pincode,2026-10-09T21:42:40,category/accessories,meesho_scraped_20261009.csv
MEESHO_302716201,Women's Gold Plated Stud Earrings,Accessories,Jewelry,Unbranded,148,148,0,3.6,6921,In Stock,Ni_Fashion,https://images.meesho.com/images/products/302716201/9smsk_512.webp,https://www.meesho.com/womens-gold-plated-stud-earrings/p/5089bd,Women's Gold Plated Stud Earrings. Material: Brass & Copper. Size: Free Size (Adjustable). Colour: Gold.,1,Free Size (Adjustable),Brass & Copper,True,7 days,Varies by pincode,2026-10-09T21:43:00,category/accessories,meesho_scraped_20261009.csv
MEESHO_420739945,Vembley Golden Pearl Butterfly Tassel Long Chain Necklace for Women,Accessories,Jewelry,Vembley,192,184,4,4.5,2390,In Stock,VEMBLEY,https://images.meesho.com/images/products/420739945/eanz0_512.webp,https://www.meesho.com/vembley-golden-chain-necklace-for-women-pearl-butterfly-tassel-long-chain-necklace-for-women-girls-love-gifts-neckwear-pendant-necklace-jewellery/p/6yhx0p,"Vembley Golden Pearl Butterfly Tassel Long Chain Necklace for Women. Brand: Vembley. Material: Stainless Steel, Silver Plated. Colour: Gold.",1,Free Size,"Stainless Steel, Silver Plated",True,7 days,Varies by pincode,2026-10-09T21:43:20,category/accessories,meesho_scraped_20261009.csv
MEESHO_444317010,Vassaley Three Layered Star Studs Pendant Necklace for Girls and Women,Accessories,Jewelry,Vassaley,146,146,0,4.0,1134,In Stock,Vassaley,https://images.meesho.com/images/products/444317010/ddcqr_512.webp,https://www.meesho.com/vassaley-three-layered-star-studs-pendant-necklace-for-girls-and-women/p/7cj976,Vassaley Three Layered Star Studs Pendant Necklace for Girls and Women. Brand: Vassaley. Material: Alloy. Colour: Gold.,1,Free Size,Alloy,True,7 days,Varies by pincode,2026-10-09T21:43:40,category/accessories,meesho_scraped_20261009.csv
MEESHO_462601107,Gold Plated Ruby Stone Bangles (Set of 6),Accessories,Jewelry,Unbranded,297,297,0,4.2,2234,In Stock,Makwana Enterprise,https://images.meesho.com/images/products/462601107/2ksuz_512.webp,https://www.meesho.com/new-designer-premium-quality-gold-plated-ruby-stone-6-pcs-bangle/p/7nf5ar,"Gold Plated Ruby Stone Bangles (Set of 6). Material: Brass. Size: 2.4, 2.6, 2.8. Colour: Gold.",1,"2.4, 2.6, 2.8",Brass,True,7 days,Varies by pincode,2026-10-09T21:44:00,category/accessories,meesho_scraped_20261009.csv
MEESHO_403023291,French Twist Bun Maker Ponytail Holder for Women and Girls (Pack of 3),Accessories,Hair Accessories,Unbranded,170,155,9,3.7,454,In Stock,HERLOKS,https://images.meesho.com/images/products/403023291/metqv_512.webp,https://www.meesho.com/french-twist-bun-juda-maker-ponytail-holder-hair-style-accessoriestools-for-women-and-girls-pack-of-3/p/6ny6rf,French Twist Bun Maker Ponytail Holder for Women and Girls (Pack of 3). Material: Synthetic. Colour: Black.,1,Free Size,Synthetic,True,7 days,Varies by pincode,2026-10-09T21:44:20,category/accessories,meesho_scraped_20261009.csv
MEESHO_427940381,Golden Rhinestone Mini Hair Claw Clips (Pack of 12),Accessories,Hair Accessories,Unbranded,109,92,16,4.4,407,In Stock,Nivo Cyber Villa,https://images.meesho.com/images/products/427940381/gqyb9_512.webp,https://www.meesho.com/12-pcs-golden-bridal-hair-accessories-headwear-rhinestone-hair-claw-for-women-snowflake-hair-pins-crystal-flower-wedding-decorative-pack-of-12-golden-mini-claw/p/72s8wt,Golden Rhinestone Mini Hair Claw Clips (Pack of 12). Material: Metal. Colour: Golden.,1,Free Size,Metal,True,7 days,Varies by pincode,2026-10-09T21:44:40,category/accessories,meesho_scraped_20261009.csv
MEESHO_427233397,Silk Satin Scrunchies Set,Accessories,Hair Accessories,Unbranded,104,94,10,4.1,2906,In Stock,Pratiksha Gruh Udhyog,https://images.meesho.com/images/products/427233397/cwnte_512.webp,https://www.meesho.com/primyam-silk-satin-8/p/72d3ed,Silk Satin Scrunchies Set. Material: Fabric. Colour: Multicolor.,1,Free Size,Fabric,True,7 days,Varies by pincode,2026-10-09T21:45:00,category/accessories,meesho_scraped_20261009.csv
MEESHO_476109496,Pearl Design Juda Pin Box (18 Pins),Accessories,Hair Accessories,Unbranded,96,86,10,4.1,511,In Stock,Izaan enterprises,https://images.meesho.com/images/products/476109496/qco6o_512.webp,https://www.meesho.com/juda-pin-box-18-pin-box-new-pearl-design/p/7vgofs,Pearl Design Juda Pin Box (18 Pins). Material: ABS Plastic. Colour: White.,1,Free Size,ABS Plastic,True,7 days,Varies by pincode,2026-10-09T21:45:20,category/accessories,meesho_scraped_20261009.csv
MEESHO_91646977,"Views Messy Bun Hair Piece with Elastic Band, Synthetic (Brown)",Accessories,Hair Accessories,Views,91,91,0,4.1,679,In Stock,Kaavya Enterprises,https://images.meesho.com/images/products/91646977/bwrsx_512.webp,https://www.meesho.com/views-1pcs-messy-bun-hair-piece-hair-extension-with-elastic-rubber-band-hairpiece-synthetic-hair-scrunchies-hair-piece-for-women-girls-color-brown/p/1ikb9d,"Views Messy Bun Hair Piece with Elastic Band, Synthetic (Brown). Brand: Views. Material: Synthetic Hair. Colour: Brown.",1,Free Size,Synthetic Hair,True,7 days,Varies by pincode,2026-10-09T21:45:40,category/accessories,meesho_scraped_20261009.csv
MEESHO_418589388,Women PU Leather Handbag,Bags & Footwear,Handbags,Unbranded,226,215,5,4.0,5124,In Stock,TURGUT FASHION,https://images.meesho.com/images/products/418589388/jik7p_512.webp,https://www.meesho.com/women-purse-purse-for-women-handbag-for-women/p/6x7tn0,PU leather handbag for women. Colour: Cream.,1,Free Size (12 x 18 x 5 in),PU,True,7 days,Varies by pincode,2026-10-09T21:46:00,category/bags-&-footwear,meesho_scraped_20261009.csv
MEESHO_377819345,Graceful Stylish PU Leather Women Shoulder Bag (White),Bags & Footwear,Sling Bags,Unbranded,241,241,0,4.3,22712,In Stock,Blissbombay,https://images.meesho.com/images/products/377819345/jpup0_512.webp,https://www.meesho.com/graceful-stylish-slingbags-luxury-high-quality-pu-leather-women-shoulder-bag-white/p/68xz9t,PU leather shoulder / sling bag for women. Colour: White.,1,Free Size,PU,True,7 days,Varies by pincode,2026-10-09T21:46:20,category/bags-&-footwear,meesho_scraped_20261009.csv
MEESHO_468405897,Tote Brown Stylish Spacious Handbag,Bags & Footwear,Handbags,Unbranded,164,164,0,4.2,10214,In Stock,AARAALS COLLECTION,https://images.meesho.com/images/products/468405897/8tl3m_512.webp,https://www.meesho.com/tote-brown-stylish-spacious-handbag-for-womens-girls-tote-bag-college-travel-gorgeous-alluring-bag-handbags-for-girls-and-womens-top-collection-ladies-purse/p/7qvkax,"Spacious PU tote handbag for college, office and travel. Colour: Brown.",1,Free Size,PU,True,7 days,Varies by pincode,2026-10-09T21:46:40,category/bags-&-footwear,meesho_scraped_20261009.csv
MEESHO_187902656,Aadab Trendy Women Heels & Sandals,Bags & Footwear,Sandals,Aadab,330,330,0,4.0,9227,In Stock,Tradered,https://images.meesho.com/images/products/187902656/qvydy_512.webp,https://www.meesho.com/aadab-trendy-women-heels-sandals/p/33vem8,Trendy heeled sandals for women. Colour: Brown.,1,"IND-3,IND-4,IND-5,IND-6,IND-7,IND-8",Canvas,True,7 days,Varies by pincode,2026-10-09T21:47:00,category/bags-&-footwear,meesho_scraped_20261009.csv
MEESHO_372875754,G NXT Men's Flip Flops,Bags & Footwear,Slippers,G NXT,190,182,4,4.0,12203,In Stock,IS FOOTWEAR,https://images.meesho.com/images/products/372875754/z9zwb_512.webp,https://www.meesho.com/g-nxt-slippers-flip-flops-and-for-mens/p/6600ru,Lightweight EVA flip flops for men. Colour: Olive.,1,"IND-5,IND-6,IND-7,IND-8,IND-9,IND-10,IND-11,IND-12",EVA,True,7 days,Varies by pincode,2026-10-09T21:47:20,category/bags-&-footwear,meesho_scraped_20261009.csv
MEESHO_510552176,"Daypack Small Backpack, Size M (15-30 L)",Bags & Footwear,Backpacks,Unbranded,199,186,7,3.9,5813,In Stock,IT BAGS,https://images.meesho.com/images/products/510552176/ufkrb_512.webp,https://www.meesho.com/size-m-15-30l-daypack-small-bags-for-daily-use-library-office-outdoor-hiking/p/8fywkw,"Daypack Small Backpack, Size M (15-30 L). Material: Canvas. Size: M (15-30 L). Colour: Black.",1,M (15-30 L),Canvas,True,7 days,Varies by pincode,2026-10-09T21:47:40,category/bags-&-footwear,meesho_scraped_20261009.csv
MEESHO_484340536,Casual Backpack (Teal),Bags & Footwear,Backpacks,Unbranded,232,232,0,4.0,1189,In Stock,THE LUGGAGE SHOP,https://images.meesho.com/images/products/484340536/8prgo_512.webp,https://www.meesho.com/backpack/p/80d3js,Casual Backpack (Teal). Material: Polyester. Size: L. Colour: Teal.,1,L,Polyester,True,7 days,Varies by pincode,2026-10-09T21:48:00,category/bags-&-footwear,meesho_scraped_20261009.csv
MEESHO_383724170,Large 35 L Casual Waterproof Laptop Backpack,Bags & Footwear,Backpacks,Unbranded,231,231,0,3.9,4738,In Stock,BAGS BOUTIQUE,https://images.meesho.com/images/products/383724170/luyxp_512.webp,https://www.meesho.com/large-35-l-casual-waterproof-laptop-bagbackpack-for-men-women-boys-girlsoffice-school-college-teens-students/p/6cgjgq,Large 35 L Casual Waterproof Laptop Backpack. Material: PU. Size: M. Colour: Teal.,1,M,PU,True,7 days,Varies by pincode,2026-10-09T21:48:20,category/bags-&-footwear,meesho_scraped_20261009.csv
MEESHO_412597749,Customised Name Wallet for Men,Bags & Footwear,Wallets,Walletadda,158,148,6,4.2,3385,In Stock,Walletadda,https://images.meesho.com/images/products/412597749/esjyx_512.webp,https://www.meesho.com/customize-name-wallet-for-men/p/6tnegl,Customised Name Wallet for Men. Brand: Walletadda. Material: Faux Leather. Colour: Brown.,1,Free Size,Faux Leather,True,7 days,Varies by pincode,2026-10-09T21:48:40,category/bags-&-footwear,meesho_scraped_20261009.csv
MEESHO_460125560,Customised Name Wallet for Men (Brown),Bags & Footwear,Wallets,Walletadda,166,143,14,4.1,3284,In Stock,Walletadda,https://images.meesho.com/images/products/460125560/2o6js_512.webp,https://www.meesho.com/name-wallet-for-man-customised-wallet/p/7ly35k,Customised Name Wallet for Men (Brown). Brand: Walletadda. Material: Faux Leather. Colour: Brown.,1,Free Size,Faux Leather,True,7 days,Varies by pincode,2026-10-09T21:49:00,category/bags-&-footwear,meesho_scraped_20261009.csv
MEESHO_364432863,Stylish Trending Sports Shoes for Men (Grey),Bags & Footwear,Shoes,Unbranded,267,265,1,4.0,137,In Stock,SWAN LIGHTING,https://images.meesho.com/images/products/364432863/ofrtl_512.webp,https://www.meesho.com/stylish-trending-sports-shoes-for-men/p/60z273,Stylish Trending Sports Shoes for Men (Grey). Material: PVC. Size: IND-2 to IND-10. Colour: Grey.,1,IND-2 to IND-10,PVC,True,7 days,Varies by pincode,2026-10-09T21:49:20,category/bags-&-footwear,meesho_scraped_20261009.csv
MEESHO_533821031,SW-MEXICO T-Blue Dailywear Running Sneakers for Men,Bags & Footwear,Shoes,SW,315,290,8,4.0,2500,In Stock,SriRetail,https://images.meesho.com/images/products/533821031/xs0rw_512.webp,https://www.meesho.com/sw-mexico-t-blue-dailywear-sports-sneakers-running-shoes-for-men/p/8ttmxz,"SW-MEXICO T-Blue Dailywear Running Sneakers for Men. Brand: SW. Material: Mesh. Size: IND-6, IND-7, IND-8, IND-9, IND-10. Colour: Blue.",1,"IND-6, IND-7, IND-8, IND-9, IND-10",Mesh,True,7 days,Varies by pincode,2026-10-09T21:49:40,category/bags-&-footwear,meesho_scraped_20261009.csv
MEESHO_233816974,Solid Running Sports Shoes for Men,Bags & Footwear,Shoes,Unbranded,375,375,0,3.8,7668,In Stock,MODERN FASHION SHOES,https://images.meesho.com/images/products/233816974/hmo5k_512.webp,https://www.meesho.com/blue-solid-men-running-sport-shoes-for-men/p/3v7iby,"Solid Running Sports Shoes for Men. Material: EVA. Size: IND-6, IND-7, IND-8, IND-9, IND-10. Colour: Black.",1,"IND-6, IND-7, IND-8, IND-9, IND-10",EVA,True,7 days,Varies by pincode,2026-10-09T21:50:00,category/bags-&-footwear,meesho_scraped_20261009.csv
MEESHO_493078207,Trending Men's Casual Sports Shoes (Combo Pack of 2),Bags & Footwear,Shoes,Unbranded,453,431,5,3.9,1703,In Stock,ANGO,https://images.meesho.com/images/products/493078207/4ko15_512.webp,https://www.meesho.com/trending-sandal-mens-casual-sport-shoes-combo-pack-of-2/p/85kdkv,"Trending Men's Casual Sports Shoes (Combo Pack of 2). Material: Mesh. Size: IND-6, IND-7, IND-8, IND-9, IND-10. Colour: Multicolor.",1,"IND-6, IND-7, IND-8, IND-9, IND-10",Mesh,True,7 days,Varies by pincode,2026-10-09T21:50:20,category/bags-&-footwear,meesho_scraped_20261009.csv
MEESHO_472481455,Moncada Casual Flat Sandal for Women,Bags & Footwear,Sandals,Moncada,150,144,4,3.9,2106,In Stock,Moncada Fashion,https://images.meesho.com/images/products/472481455/kuguu_512.webp,https://www.meesho.com/moncada-casual-flat-sandal-made-in-india/p/7tax0v,Moncada Casual Flat Sandal for Women. Brand: Moncada. Material: Synthetic. Size: IND-3 to IND-10. Colour: Black.,1,IND-3 to IND-10,Synthetic,True,7 days,Varies by pincode,2026-10-09T21:50:40,category/bags-&-footwear,meesho_scraped_20261009.csv
MEESHO_314661313,Classic Designer Women Wedges,Bags & Footwear,Sandals,Unbranded,345,345,0,4.0,15663,In Stock,MHCollection,https://images.meesho.com/images/products/314661313/p9nlw_512.webp,https://www.meesho.com/classic-designer-women-wedges/p/57ca81,"Classic Designer Women Wedges. Material: Lycra. Size: IND-4, IND-5, IND-6, IND-7, IND-8. Colour: Brown.",1,"IND-4, IND-5, IND-6, IND-7, IND-8",Lycra,True,7 days,Varies by pincode,2026-10-09T21:51:00,category/bags-&-footwear,meesho_scraped_20261009.csv
MEESHO_567656175,Elite Women Flats,Bags & Footwear,Sandals,Unbranded,150,147,2,3.8,278,In Stock,NS PALACE,https://images.meesho.com/images/products/567656175/srpry_512.webp,https://www.meesho.com/elite-women-flats/p/9dyub3,"Elite Women Flats. Material: Mesh. Size: IND-4, IND-5, IND-6, IND-7, IND-8, IND-9. Colour: Brown.",1,"IND-4, IND-5, IND-6, IND-7, IND-8, IND-9",Mesh,True,7 days,Varies by pincode,2026-10-09T21:51:20,category/bags-&-footwear,meesho_scraped_20261009.csv
MEESHO_540259503,Fancy Stylish Korean Sling Bag (White),Bags & Footwear,Sling Bags,Unbranded,151,151,0,4.2,3069,In Stock,AI TRADERS1,https://images.meesho.com/images/products/540259503/ymzhz_512.webp,https://www.meesho.com/fancy-stylish-korean-sling-bag/p/8xnmwf,Fancy Stylish Korean Sling Bag (White). Material: PU. Colour: White.,1,Free Size,PU,True,7 days,Varies by pincode,2026-10-09T21:51:40,category/bags-&-footwear,meesho_scraped_20261009.csv
MEESHO_215557668,Trendy Women's Sling Bag (Pink),Bags & Footwear,Sling Bags,ESMODA,159,142,11,4.1,5895,In Stock,ESMODA BAGS,https://images.meesho.com/images/products/215557668/tozxw_512.webp,https://www.meesho.com/pink-brown-women-sling-bag-trendyclassicparty-for-womens-made-with-best-quality/p/3kc5d0,Trendy Women's Sling Bag (Pink). Brand: ESMODA. Material: PU. Colour: Pink.,1,Free Size,PU,True,7 days,Varies by pincode,2026-10-09T21:52:00,category/bags-&-footwear,meesho_scraped_20261009.csv
MEESHO_289866282,PEARL BAGS Stylish Sling Bag for Girls and Women,Bags & Footwear,Sling Bags,PEARL BAGS,266,266,0,4.3,15124,In Stock,Blissbombay,https://images.meesho.com/images/products/289866282/vd0dd_512.webp,https://www.meesho.com/pearl-bags-stylish-new-sling-bag-for-girls-and-women/p/4sku96,PEARL BAGS Stylish Sling Bag for Girls and Women. Brand: PEARL BAGS. Material: PU. Colour: Cream.,1,Free Size,PU,True,7 days,Varies by pincode,2026-10-09T21:52:20,category/bags-&-footwear,meesho_scraped_20261009.csv
MEESHO_540590501,Trendy Stylish Sling Bag for Women (Beige),Bags & Footwear,Sling Bags,Unbranded,193,175,9,4.2,395,In Stock,RK ENTERRPSIES,https://images.meesho.com/images/products/540590501/npcl9_512.webp,https://www.meesho.com/new-trendy-stylish-sling-bag-for-womengirls-and-ladies/p/8xuqat,Trendy Stylish Sling Bag for Women (Beige). Material: Faux Leather. Colour: Beige.,1,Free Size,Faux Leather,True,7 days,Varies by pincode,2026-10-09T21:52:40,category/bags-&-footwear,meesho_scraped_20261009.csv
MEESHO_422646683,Casual Backpack (Black),Bags & Footwear,Backpacks,Unbranded,139,139,0,4.1,6032,In Stock,A.R ENTERPRISED,https://images.meesho.com/images/products/422646683/pblu1_512.webp,https://www.meesho.com/backpack/p/6zms9n,Casual Backpack (Black). Material: Fabric. Colour: Black.,1,Free Size,Fabric,True,7 days,Varies by pincode,2026-10-09T21:53:00,category/bags-&-footwear,meesho_scraped_20261009.csv
MEESHO_510502470,"Stylish Casual Backpack for Men and Women (M, 15-30L)",Bags & Footwear,Backpacks,Unbranded,200,187,6,3.9,4176,In Stock,IT BAGS,https://images.meesho.com/images/products/510502470/0sqav_512.webp,https://www.meesho.com/size-m-15-30l-stylish-casual-backpack-for-men-and-women/p/8fxu86,"Stylish Casual Backpack for Men and Women (M, 15-30L). Material: Polyester. Colour: Black.",1,Free Size,Polyester,True,7 days,Varies by pincode,2026-10-09T21:53:20,category/bags-&-footwear,meesho_scraped_20261009.csv
MEESHO_61694137,"Daypack Backpack (M, 15-30L, Blue)",Bags & Footwear,Backpacks,Unbranded,293,265,10,4.0,10638,In Stock,IBDAR,https://images.meesho.com/images/products/61694137/yt7cf_512.webp,https://www.meesho.com/size-m-15-30l-backpack/p/10qbi1,"Daypack Backpack (M, 15-30L, Blue). Material: Fabric. Colour: Blue.",1,Free Size,Fabric,True,7 days,Varies by pincode,2026-10-09T21:53:40,category/bags-&-footwear,meesho_scraped_20261009.csv
MEESHO_461550702,"Zerus Black PU Leather Laptop Backpack 15.6 inch for Office, College, Travel",Bags & Footwear,Backpacks,Zerus,350,348,1,3.9,3073,In Stock,ZERONITE,https://images.meesho.com/images/products/461550702/udncc_512.webp,https://www.meesho.com/size-m-15-30l-zerus-black-pu-leather-laptop-backpack-156-office-college-travel-bag-for-men-women/p/7msmsu,"Zerus Black PU Leather Laptop Backpack 15.6 inch for Office, College, Travel. Brand: Zerus. Material: PU. Colour: Black.",1,Free Size,PU,True,7 days,Varies by pincode,2026-10-09T21:54:00,category/bags-&-footwear,meesho_scraped_20261009.csv
MEESHO_444592641,Women's Handbag (Pink),Bags & Footwear,Handbags,Unbranded,195,195,0,4.0,7270,In Stock,ZOHA TRADERS,https://images.meesho.com/images/products/444592641/4zsse_512.webp,https://www.meesho.com/hndbag/p/7cp5vl,Women's Handbag (Pink). Material: PU. Colour: Pink.,1,Free Size,PU,True,7 days,Varies by pincode,2026-10-09T21:54:20,category/bags-&-footwear,meesho_scraped_20261009.csv
MEESHO_194885424,Daniel Clark Handbag for Girls and Ladies,Bags & Footwear,Handbags,Daniel Clark,254,254,0,4.0,23156,In Stock,WAM-WATCH,https://images.meesho.com/images/products/194885424/detoe_512.webp,https://www.meesho.com/daniel-clark-handbag-beautiful-handbags-for-girls-and-ladies/p/3812k0,Daniel Clark Handbag for Girls and Ladies. Brand: Daniel Clark. Material: PU. Colour: Cream.,1,Free Size,PU,True,7 days,Varies by pincode,2026-10-09T21:54:40,category/bags-&-footwear,meesho_scraped_20261009.csv
MEESHO_81285575,"Teeba Bags Zulf Women Shoulder Bag - Extra Spacious (Grey, Black)",Bags & Footwear,Handbags,Teeba Bags,400,373,7,4.5,3477,In Stock,Teeba Bags,https://images.meesho.com/images/products/81285575/0z0bf_512.webp,https://www.meesho.com/teeba-bags-zulf-women-grey-black-shoulder-bag-extra-spacious/p/1ce8cn,"Teeba Bags Zulf Women Shoulder Bag - Extra Spacious (Grey, Black). Brand: Teeba Bags. Material: Polyester. Colour: Grey.",1,Free Size,Polyester,True,7 days,Varies by pincode,2026-10-09T21:55:00,category/bags-&-footwear,meesho_scraped_20261009.csv
MEESHO_131024705,Classic Fancy Women Shoulder Handbag for Office and Party,Bags & Footwear,Handbags,Unbranded,211,191,9,4.2,13924,In Stock,Z.A. Fashion,https://images.meesho.com/images/products/131024705/z3yi2_512.webp,https://www.meesho.com/classic-fancy-women-handbag-stylish-elegant-shoulder-bag-for-women-girls-trendy-casual-office-party-handbag/p/260bb5,"Classic Fancy Women Shoulder Handbag for Office and Party. Material: PU. Size: Free Size (L 11 in, W 4 in, H 12 in). Colour: Brown.",1,"Free Size (L 11 in, W 4 in, H 12 in)",PU,True,7 days,Varies by pincode,2026-10-09T21:55:20,category/bags-&-footwear,meesho_scraped_20261009.csv
MEESHO_526208129,Skinbull RFID Protected Genuine Leather Wallet for Men,Bags & Footwear,Wallets,Skinbull,372,339,9,4.3,5627,In Stock,M.I LEATHERS,https://images.meesho.com/images/products/526208129/hhubw_512.webp,https://www.meesho.com/skinbull-rfid-protected-100-genuine-leather-wallet-for-men-high-quality-leather-wallet/p/8pagsh,Skinbull RFID Protected Genuine Leather Wallet for Men. Brand: Skinbull. Material: Leather (Top Grain). Colour: Brown.,1,Free Size,Leather (Top Grain),True,7 days,Varies by pincode,2026-10-09T21:55:40,category/bags-&-footwear,meesho_scraped_20261009.csv
MEESHO_65035349,TnW Men's Artificial Leather Wallet with 7 Detachable Card Holder,Bags & Footwear,Wallets,TnW,1195,194,84,4.2,9069,In Stock,TnW,https://images.meesho.com/images/products/65035349/6x9eg_512.webp,https://www.meesho.com/tnw-mens-artificial-leather-wallet-with-7-detachable-card-holder/p/12pxlh,"TnW Men's Artificial Leather Wallet with 7 Detachable Card Holder. Brand: TnW. Material: Faux Leather/Leatherette. Size: Free Size (Length 11 cm, Width 10 cm). Colour: Brown.",1,"Free Size (Length 11 cm, Width 10 cm)",Faux Leather/Leatherette,True,7 days,Varies by pincode,2026-10-09T21:56:00,category/bags-&-footwear,meesho_scraped_20261009.csv
MEESHO_540388261,"Lace-Up Lightweight White Sports Shoes for Men (Running, Walking, Gym, Trekking)",Bags & Footwear,Shoes,Unbranded,409,385,6,4.1,742,In Stock,New Yuvaan Enterprises,https://images.meesho.com/images/products/540388261/t46zv_512.webp,https://www.meesho.com/latest-stylish-sports-shoes-for-men-lace-up-lightweight-white-shoes-for-running-walking-gymtrekking-and-hiking-shoes-for-men/p/8xqe91,"Lace-Up Lightweight White Sports Shoes for Men (Running, Walking, Gym, Trekking). Material: Mesh. Size: IND-6, IND-7, IND-8, IND-9, IND-10. Colour: White.",1,"IND-6, IND-7, IND-8, IND-9, IND-10",Mesh,True,7 days,Varies by pincode,2026-10-09T21:56:20,category/bags-&-footwear,meesho_scraped_20261009.csv
MEESHO_448090333,Hilux Flynet Upper Running and Walking Sports Shoes for Men,Bags & Footwear,Shoes,Hilux,429,404,6,4.1,1240,In Stock,R.S TRADING DELHI,https://images.meesho.com/images/products/448090333/osz7c_512.webp,https://www.meesho.com/hilux-running-shoe-sports-shoe-flynet-upper-shoe-walking-shoe-gym-shoe-fitness-shoe-for-men/p/7es4pp,"Hilux Flynet Upper Running and Walking Sports Shoes for Men. Brand: Hilux. Material: Mesh. Size: IND-6, IND-7, IND-8, IND-9, IND-10. Colour: Grey.",1,"IND-6, IND-7, IND-8, IND-9, IND-10",Mesh,True,7 days,Varies by pincode,2026-10-09T21:56:40,category/bags-&-footwear,meesho_scraped_20261009.csv
MEESHO_542446115,Black Sports Shoes for Men,Bags & Footwear,Shoes,Unbranded,277,277,0,3.8,119,In Stock,SriRetail,https://images.meesho.com/images/products/542446115/ndwsu_512.webp,https://www.meesho.com/fk-black-sports-shoes-comfort-style-combined/p/8yyi3n,"Black Sports Shoes for Men. Material: Mesh. Size: IND-6, IND-7, IND-8, IND-9, IND-10. Colour: Black.",1,"IND-6, IND-7, IND-8, IND-9, IND-10",Mesh,True,7 days,Varies by pincode,2026-10-09T21:57:00,category/bags-&-footwear,meesho_scraped_20261009.csv
MEESHO_236093055,Running Shoes for Men (Blue),Bags & Footwear,Shoes,Unbranded,304,290,5,3.8,1894,In Stock,ANGO,https://images.meesho.com/images/products/236093055/75mz5_512.webp,https://www.meesho.com/running-shoes-for-men/p/3wkakf,"Running Shoes for Men (Blue). Material: Mesh. Size: IND-6, IND-7, IND-8, IND-9, IND-10. Colour: Blue.",1,"IND-6, IND-7, IND-8, IND-9, IND-10",Mesh,True,7 days,Varies by pincode,2026-10-09T21:57:20,category/bags-&-footwear,meesho_scraped_20261009.csv
MEESHO_450406444,Printed Canvas Tote Shopping Bag for Women,Bags & Footwear,Handbags,Unbranded,170,163,4,4.2,9665,In Stock,THE SACK CO.,https://images.meesho.com/images/products/450406444/yqvji_512.webp,https://www.meesho.com/new-design-fancy-printed-shoulder-bag-women-tote-handbags-printed-bag-stylish-women-shopping-bag-bag-for-women-tote-bag/p/7g5ru4,"Printed Canvas Tote Shopping Bag for Women. Material: Canvas. Size: Free Size (L 10 in, W 5 in, H 15 in). Colour: Cream.",1,"Free Size (L 10 in, W 5 in, H 15 in)",Canvas,True,7 days,Varies by pincode,2026-10-09T21:57:40,category/bags-&-footwear,meesho_scraped_20261009.csv
MEESHO_329431308,Panga Triangle Buckle Heel Sandals for Women (Peach),Bags & Footwear,Sandals,Unbranded,359,359,0,3.9,6554,In Stock,JG Collection,https://images.meesho.com/images/products/329431308/ry7uy_512.webp,https://www.meesho.com/panga-triangle-buckle-peach/p/5g4uto,"Panga Triangle Buckle Heel Sandals for Women (Peach). Material: Lycra. Size: IND-5, IND-6, IND-7, IND-8. Colour: Pink.",1,"IND-5, IND-6, IND-7, IND-8",Lycra,True,7 days,Varies by pincode,2026-10-09T21:58:00,category/bags-&-footwear,meesho_scraped_20261009.csv
MEESHO_536929648,Women's and Girls' EVA Flat Sandals for Daily Use,Bags & Footwear,Sandals,Unbranded,172,165,4,4.1,1733,In Stock,FLY WINGS,https://images.meesho.com/images/products/536929648/tye7k_512.webp,https://www.meesho.com/womans-girls-sandals-fashion-footwear-stylish-casual-daily-use-sandal-school-college-and-office-type-size-456789/p/8vo9kg,"Women's and Girls' EVA Flat Sandals for Daily Use. Material: EVA. Size: IND-4, IND-5, IND-6, IND-7, IND-8, IND-9. Colour: Black.",1,"IND-4, IND-5, IND-6, IND-7, IND-8, IND-9",EVA,True,7 days,Varies by pincode,2026-10-09T21:58:20,category/bags-&-footwear,meesho_scraped_20261009.csv
MEESHO_433587116,Synthetic Flat Sandals for Women,Bags & Footwear,Sandals,Unbranded,243,233,4,3.9,2498,In Stock,variety#,https://images.meesho.com/images/products/433587116/23vjf_512.webp,https://www.meesho.com/synthetic-flat-sandals/p/7659yk,"Synthetic Flat Sandals for Women. Material: Synthetic. Size: IND-4, IND-5, IND-6, IND-7, IND-8, IND-9. Colour: Brown.",1,"IND-4, IND-5, IND-6, IND-7, IND-8, IND-9",Synthetic,True,7 days,Varies by pincode,2026-10-09T21:58:40,category/bags-&-footwear,meesho_scraped_20261009.csv
MEESHO_499811449,Cozy Wear Men's Lightweight Flip Flops,Bags & Footwear,Sandals,Unbranded,200,200,0,3.9,16551,In Stock,ONE SHOP.COM,https://images.meesho.com/images/products/499811449/u29is_512.webp,https://www.meesho.com/cozy-wear-mens-light-weight-and-stylish-slipper-flip-flops-for-men/p/89kozd,"Cozy Wear Men's Lightweight Flip Flops. Material: PU (sole: Rubber). Size: IND-5, IND-6, IND-7, IND-8, IND-9, IND-10, IND-11, IND-12. Colour: Brown.",1,"IND-5, IND-6, IND-7, IND-8, IND-9, IND-10, IND-11, IND-12",PU (sole: Rubber),True,7 days,Varies by pincode,2026-10-09T21:59:00,category/bags-&-footwear,meesho_scraped_20261009.csv
MEESHO_245033880,XDOX Men's Casual Sporty Sandals,Bags & Footwear,Sandals,XDOX,599,257,57,3.9,5460,In Stock,Unishine,https://images.meesho.com/images/products/245033880/amqza_512.webp,https://www.meesho.com/xdox-men-black-sandal-corstyle-casual-multipurpose-fancy-trendy-stylish-comfortable-sporty-look-sandals/p/41vxco,"XDOX Men's Casual Sporty Sandals. Brand: XDOX. Material: Synthetic. Size: IND-6, IND-7, IND-8, IND-9, IND-10. Colour: Multicolor.",1,"IND-6, IND-7, IND-8, IND-9, IND-10",Synthetic,True,7 days,Varies by pincode,2026-10-09T21:59:20,category/bags-&-footwear,meesho_scraped_20261009.csv
MEESHO_391890536,Men's Lightweight Casual Floater Sandals (Black),Bags & Footwear,Sandals,Unbranded,284,270,5,3.9,2191,In Stock,ELASA INTERNATIONAL,https://images.meesho.com/images/products/391890536/gsibm_512.webp,https://www.meesho.com/mens-black-lightweight-casual-sandals-for-comfortable-walking/p/6hbko8,"Men's Lightweight Casual Floater Sandals (Black). Material: EVA. Size: IND-6, IND-7, IND-8, IND-9, IND-10. Colour: Black.",1,"IND-6, IND-7, IND-8, IND-9, IND-10",EVA,True,7 days,Varies by pincode,2026-10-09T21:59:40,category/bags-&-footwear,meesho_scraped_20261009.csv
MEESHO_439471506,ONEGO Trendy Waterproof Laptop Backpack for Men and Women (Fits 15.6 inch),Bags & Footwear,Backpacks,ONEGO,301,263,13,4.0,1066,In Stock,ONEGO ENTERPRISES,https://images.meesho.com/images/products/439471506/tltja_512.webp,https://www.meesho.com/size-m-15-30l-onego-trendy-waterproof-hp-laptop-backpack-for-men-women-business-hp-laptop-college-bag-for-boys-fits-156-inch-laptop/p/79nedu,ONEGO Trendy Waterproof Laptop Backpack for Men and Women (Fits 15.6 inch). Brand: ONEGO. Material: Polyester. Colour: Black.,1,Free Size,Polyester,True,7 days,Varies by pincode,2026-10-09T22:00:00,category/bags-&-footwear,meesho_scraped_20261009.csv
MEESHO_398794289,Italia Tan Wallet for Men,Bags & Footwear,Wallets,Unbranded,116,116,0,4.0,5887,In Stock,Multispace,https://images.meesho.com/images/products/398794289/y0kvc_512.webp,https://www.meesho.com/italia-tan-wallet-best-valentine-birthday-gift/p/6lfjn5,"Italia Tan Wallet for Men. Material: PU. Size: Free Size (Length 6 cm, Width 5 cm). Colour: Brown.",1,"Free Size (Length 6 cm, Width 5 cm)",PU,True,7 days,Varies by pincode,2026-10-09T22:00:20,category/bags-&-footwear,meesho_scraped_20261009.csv
